country,region,nuts2,forest_type,con_broad,mgmt_type,rotation_age,mai_vol_m3_ha_yr,bcef,mai_co2_tCO2_ha_yr,density_tCO2_ha
AT,AT12,AT12,AA,con,HP,65,6.435384615384615,0.36,5.309192307692307,345.0974999999999
AT,AT21,AT21,AA,con,HP,95,6.883157894736842,0.35,5.520866228070175,524.4822916666666
AT,AT21,AT21,AA,con,HS,95,3.128421052631579,0.37,2.652640350877193,252.00083333333333
AT,AT22,AT22,AA,con,HP,65,8.58,0.35,6.881874999999998,447.32187499999986
AT,AT31,AT31,AA,con,HP,85,9.07764705882353,0.34,7.073,601.205
AT,AT32,AT32,AA,con,HP,55,7.6072727272727265,0.36,6.276,345.18
AT,AT33,AT33,AA,con,HP,65,7.7215384615384615,0.35,6.193317307692307,402.56562499999995
AT,AT33,AT33,AA,con,HS,65,4.2907692307692304,0.37,3.6382147435897427,236.48395833333328
AT,AT34,AT34,AA,con,HP,85,8.068235294117647,0.35,6.471397058823529,550.0687499999999
AT,AT11,AT11,FS,broad,HP,55,4.578181818181818,0.52,5.455666666666667,300.06166666666667
AT,AT12,AT12,FS,broad,HP,55,5.596363636363637,0.51,6.540749999999999,359.74125
AT,AT12,AT12,FS,broad,HS,55,2.098181818181818,0.55,2.6445833333333333,145.45208333333332
AT,AT21,AT21,FS,broad,HP,95,4.609473684210526,0.5,5.281688596491227,501.7604166666666
AT,AT21,AT21,FS,broad,HS,95,3.191578947368421,0.51,3.730157894736842,354.365
AT,AT22,AT22,FS,broad,HP,45,4.957777777777777,0.53,6.021634259259258,270.9735416666666
AT,AT22,AT22,FS,broad,HS,45,3.813333333333333,0.54,4.718999999999999,212.35499999999996
AT,AT31,AT31,FS,broad,HP,75,4.7,0.51,5.493125,411.984375
AT,AT31,AT31,FS,broad,HS,75,3.3573333333333335,0.52,4.000822222222222,300.06166666666667
AT,AT32,AT32,FS,broad,HP,65,5.467692307692308,0.51,6.390365384615384,415.37375
AT,AT32,AT32,FS,broad,HS,65,2.5907692307692307,0.54,3.2060769230769233,208.395
AT,AT33,AT33,FS,broad,HP,55,4.578181818181818,0.52,5.455666666666667,300.06166666666667
AT,AT33,AT33,FS,broad,HS,55,3.8745454545454545,0.53,4.705958333333333,258.8277083333333
AT,AT34,AT34,FS,broad,HP,95,3.191578947368421,0.51,3.730157894736842,354.365
AT,AT34,AT34,FS,broad,HS,95,2.4410526315789474,0.52,2.908921052631579,276.3475
AT,AT11,AT11,LD,con,HP,95,1.5663157894736843,0.46,1.6511578947368424,156.86
AT,AT12,AT12,LD,con,HP,65,9.198461538461538,0.39,8.221125,534.3731250000001
AT,AT21,AT21,LD,con,HP,75,7.334666666666667,0.39,6.555358333333333,491.651875
AT,AT21,AT21,LD,con,HS,75,5.5,0.41,5.167708333333333,387.57812499999994
AT,AT22,AT22,LD,con,HP,65,8.175384615384615,0.39,7.306749999999999,474.93874999999997
AT,AT22,AT22,LD,con,HS,65,4.087692307692308,0.43,4.0280801282051275,261.8252083333333
AT,AT31,AT31,LD,con,HP,95,5.916842105263158,0.39,5.2881776315789475,502.376875
AT,AT31,AT31,LD,con,HS,95,3.5505263157894738,0.41,3.336015350877193,316.9214583333333
AT,AT32,AT32,LD,con,HP,95,4.437894736842106,0.4,4.068070175438597,386.4666666666667
AT,AT32,AT32,LD,con,HS,95,3.1326315789473687,0.42,3.015157894736842,286.44
AT,AT33,AT33,LD,con,HP,55,8.036363636363637,0.4,7.366666666666667,405.1666666666667
AT,AT33,AT33,LD,con,HS,55,6.181818181818182,0.41,5.808333333333332,319.45833333333326
AT,AT12,AT12,OC,con,HP,95,2.081052631578947,0.36,1.7168684210526313,163.10249999999996
AT,AT31,AT31,OC,con,HP,95,2.081052631578947,0.36,1.7168684210526313,163.10249999999996
AT,AT11,AT11,OH,broad,HP,95,2.6726315789473687,0.45,2.756151315789474,261.834375
AT,AT12,AT12,OH,broad,HP,85,4.165882352941177,0.42,4.009661764705882,340.82124999999996
AT,AT12,AT12,OH,broad,HS,85,1.4870588235294118,0.51,1.7379999999999998,147.73
AT,AT13,AT13,OH,broad,HP,95,3.4021052631578947,0.43,3.3524912280701753,318.4866666666667
AT,AT21,AT21,OH,broad,HP,85,5.207058823529412,0.41,4.89246568627451,415.8595833333333
AT,AT22,AT22,OH,broad,HP,55,6.612727272727272,0.42,6.364749999999999,350.06125
AT,AT22,AT22,OH,broad,HS,55,6.612727272727272,0.42,6.364749999999999,350.06125
AT,AT31,AT31,OH,broad,HP,65,6.604615384615385,0.41,6.205586538461537,403.3631249999999
AT,AT31,AT31,OH,broad,HS,65,2.113846153846154,0.5,2.4221153846153847,157.4375
AT,AT32,AT32,OH,broad,HP,75,7.794666666666667,0.39,6.9664833333333345,522.48625
AT,AT32,AT32,OH,broad,HS,75,7.794666666666667,0.39,6.9664833333333345,522.48625
AT,AT33,AT33,OH,broad,HP,65,3.773846153846154,0.45,3.891778846153846,252.965625
AT,AT33,AT33,OH,broad,HS,65,1.5092307692307692,0.53,1.8330865384615382,119.15062499999999
AT,AT34,AT34,OH,broad,HP,45,5.926666666666667,0.44,5.976055555555556,268.9225
AT,AT11,AT11,OS,broad,HP,55,9.340000000000002,0.41,8.775708333333334,482.66395833333337
AT,AT12,AT12,OS,broad,HP,95,4.806315789473684,0.42,4.626078947368421,439.47749999999996
AT,AT21,AT21,OS,broad,HP,95,4.325263157894737,0.42,4.163065789473684,395.49125
AT,AT21,AT21,OS,broad,HS,95,2.06,0.46,2.1715833333333334,206.30041666666668
AT,AT22,AT22,OS,broad,HP,95,5.407368421052632,0.41,5.080673245614035,482.6639583333333
AT,AT22,AT22,OS,broad,HS,95,5.407368421052632,0.41,5.080673245614035,482.6639583333333
AT,AT31,AT31,OS,broad,HP,75,6.849333333333334,0.41,6.435519444444444,482.6639583333333
AT,AT32,AT32,OS,broad,HP,85,2.8435294117647056,0.45,2.9323897058823523,249.25312499999995
AT,AT33,AT33,OS,broad,HP,35,10.497142857142856,0.43,10.344059523809523,362.0420833333333
AT,AT33,AT33,OS,broad,HS,35,6.791428571428571,0.45,7.003660714285713,245.12812499999995
AT,AT34,AT34,OS,broad,HP,75,2.490666666666667,0.46,2.6255777777777785,196.91833333333338
AT,AT11,AT11,PA,con,HP,65,7.850769230769231,0.38,6.836711538461539,444.38625
AT,AT12,AT12,PA,con,HP,65,6.423076923076923,0.32,4.7102564102564095,306.16666666666663
AT,AT12,AT12,PA,con,HS,65,4.155384615384616,0.34,3.23773717948718,210.45291666666668
AT,AT21,AT21,PA,con,HP,65,7.850769230769231,0.38,6.836711538461539,444.38625
AT,AT21,AT21,PA,con,HS,65,6.423076923076923,0.39,5.7406250000000005,373.14062500000006
AT,AT22,AT22,PA,con,HP,95,5.597894736842105,0.38,4.874833333333333,463.1091666666666
AT,AT22,AT22,PA,con,HS,95,4.306315789473684,0.39,3.8487697368421054,365.633125
AT,AT31,AT31,PA,con,HP,95,6.22,0.37,5.274041666666665,501.0339583333332
AT,AT31,AT31,PA,con,HS,95,3.731578947368421,0.4,3.4206140350877194,324.95833333333337
AT,AT32,AT32,PA,con,HP,55,8.290909090909091,0.38,7.22,397.09999999999997
AT,AT32,AT32,PA,con,HS,55,4.974545454545455,0.41,4.6739999999999995,257.07
AT,AT33,AT33,PA,con,HP,85,5.522352941176471,0.38,4.809049019607842,408.7691666666666
AT,AT33,AT33,PA,con,HS,85,4.338823529411765,0.39,3.8778235294117644,329.61499999999995
AT,AT34,AT34,PA,con,HP,95,6.996842105263158,0.37,5.932739035087719,563.6102083333333
AT,AT34,AT34,PA,con,HS,95,5.0884210526315785,0.38,4.431166666666666,420.96083333333326
AT,AT22,AT22,PC,con,HP,55,1.6854545454545455,0.48,1.854,101.97
AT,AT22,AT22,PC,con,HS,55,1.0527272727272727,0.51,1.230375,67.670625
AT,AT33,AT33,PC,con,HP,75,2.2786666666666666,0.45,2.349875,176.240625
AT,AT33,AT33,PC,con,HS,75,2.050666666666667,0.45,2.11475,158.60625
AT,AT12,AT12,PN,con,HP,55,7.6072727272727265,0.32,5.578666666666666,306.82666666666665
AT,AT12,AT12,PN,con,HS,55,3.6218181818181816,0.36,2.9879999999999995,164.33999999999997
AT,AT11,AT11,PS,con,HP,65,6.903076923076923,0.31,4.904060897435897,318.7639583333333
AT,AT12,AT12,PS,con,HP,95,4.802105263157895,0.31,3.411495614035087,324.0920833333333
AT,AT12,AT12,PS,con,HS,95,1.9210526315789473,0.37,1.628892543859649,154.74479166666666
AT,AT21,AT21,PS,con,HP,95,6.002105263157895,0.3,4.1264473684210525,392.0125
AT,AT22,AT22,PS,con,HP,45,9.931111111111111,0.31,7.0552268518518515,317.48520833333333
AT,AT31,AT31,PS,con,HP,65,8.62923076923077,0.3,5.932596153846154,385.61875
AT,AT33,AT33,PS,con,HP,75,4.653333333333333,0.33,3.519083333333333,263.93125
AT,AT33,AT33,PS,con,HS,75,2.88,0.36,2.376,178.2
AT,AT11,AT11,QR,broad,HP,75,5.418666666666667,0.56,6.953955555555556,521.5466666666667
AT,AT12,AT12,QR,broad,HP,75,4.514666666666667,0.57,5.897283333333333,442.29625
AT,AT13,AT13,QR,broad,HP,95,5.747368421052632,0.55,7.244078947368421,688.1875
AT,AT21,AT21,QR,broad,HP,95,2.873684210526316,0.57,3.7537499999999997,356.60625
AT,AT22,AT22,QR,broad,HP,85,6.244705882352941,0.55,7.87093137254902,669.0291666666667
AT,AT31,AT31,QR,broad,HP,45,7.913333333333334,0.57,10.336791666666667,465.155625
BE,BE20,BE2,DF,con,H,55,5.3127272727272725,0.46,5.600499999999999,308.0275
BE,BE30,BE3,DF,con,H,55,5.3127272727272725,0.46,5.600499999999999,308.0275
BE,BE20,BE2,LD,con,H,95,2.576842105263158,0.45,2.657368421052632,252.45000000000002
BE,BE30,BE3,LD,con,H,95,2.576842105263158,0.45,2.657368421052632,252.45000000000002
BE,BE20,BE2,OC,con,H,55,5.7709090909090905,0.45,5.951249999999999,327.31874999999997
BE,BE30,BE3,OC,con,H,55,5.7709090909090905,0.45,5.951249999999999,327.31874999999997
BE,BE20,BE2,PA,con,H,55,6.761818181818182,0.42,6.5082499999999985,357.9537499999999
BE,BE30,BE3,PA,con,H,55,6.761818181818182,0.42,6.5082499999999985,357.9537499999999
BE,BE20,BE2,PD,con,H,55,5.3981818181818175,0.45,5.566875,306.17812499999997
BE,BE30,BE3,PD,con,H,55,5.3981818181818175,0.45,5.566875,306.17812499999997
BE,BE20,BE2,PP,broad,H,95,1.5010526315789474,0.52,1.7887543859649122,169.93166666666667
BE,BE30,BE3,PP,broad,H,95,1.5010526315789474,0.52,1.7887543859649122,169.93166666666667
BE,BE20,BE2,PS,con,H,45,4.257777777777777,0.45,4.390833333333333,197.58749999999998
BE,BE30,BE3,PS,con,H,45,4.257777777777777,0.45,4.390833333333333,197.58749999999998
BG,?,NUTS0,AA,con,H,55,6.565454545454545,0.44,6.620166666666666,364.1091666666666
BG,?,NUTS0,FO,broad,H,25,5.46,0.56,7.007,175.17499999999998
BG,?,NUTS0,FS,broad,H,25,6.068,0.61,8.482558333333332,212.0639583333333
BG,?,NUTS0,OB,broad,H,25,3.7560000000000002,0.61,5.2505749999999995,131.264375
BG,?,NUTS0,OC,con,H,25,7.8839999999999995,0.44,7.949699999999998,198.74249999999995
BG,?,NUTS0,PA,con,H,55,5.874545454545455,0.44,5.923499999999999,325.79249999999996
BG,?,NUTS0,PN,con,H,75,4.153333333333333,0.43,4.092763888888889,306.9572916666667
BG,?,NUTS0,PS,con,H,25,7.484,0.43,7.374858333333333,184.37145833333332
BG,?,NUTS0,QC,broad,H,55,2.2218181818181817,0.52,2.6476666666666664,145.62166666666664
BG,?,NUTS0,QR,broad,H,35,2.894285714285714,0.56,3.7143333333333333,130.00166666666667
CZ,CZ01,CZ01,FS,broad,MAN,75,2.8906666666666667,0.66,4.372133333333333,327.90999999999997
CZ,CZ02,CZ02,FS,broad,MAN,75,2.8906666666666667,0.66,4.372133333333333,327.90999999999997
CZ,CZ03,CZ03,FS,broad,MAN,75,2.8906666666666667,0.66,4.372133333333333,327.90999999999997
CZ,CZ04,CZ04,FS,broad,MAN,75,2.8906666666666667,0.66,4.372133333333333,327.90999999999997
CZ,CZ05,CZ05,FS,broad,MAN,75,2.8906666666666667,0.66,4.372133333333333,327.90999999999997
CZ,CZ06,CZ06,FS,broad,MAN,75,2.8906666666666667,0.66,4.372133333333333,327.90999999999997
CZ,CZ07,CZ07,FS,broad,MAN,75,2.8906666666666667,0.66,4.372133333333333,327.90999999999997
CZ,CZ08,CZ08,FS,broad,MAN,75,2.8906666666666667,0.66,4.372133333333333,327.90999999999997
CZ,CZ01,CZ01,PA,con,MAN,65,5.707692307692308,0.43,5.624455128205128,365.5895833333333
CZ,CZ02,CZ02,PA,con,MAN,65,5.707692307692308,0.43,5.624455128205128,365.5895833333333
CZ,CZ03,CZ03,PA,con,MAN,65,5.707692307692308,0.43,5.624455128205128,365.5895833333333
CZ,CZ04,CZ04,PA,con,MAN,65,5.707692307692308,0.43,5.624455128205128,365.5895833333333
CZ,CZ05,CZ05,PA,con,MAN,65,5.707692307692308,0.43,5.624455128205128,365.5895833333333
CZ,CZ06,CZ06,PA,con,MAN,65,5.707692307692308,0.43,5.624455128205128,365.5895833333333
CZ,CZ07,CZ07,PA,con,MAN,65,5.707692307692308,0.43,5.624455128205128,365.5895833333333
CZ,CZ08,CZ08,PA,con,MAN,65,5.707692307692308,0.43,5.624455128205128,365.5895833333333
CZ,CZ01,CZ01,PS,con,MAN,65,3.6307692307692307,0.42,3.4946153846153845,227.14999999999998
CZ,CZ02,CZ02,PS,con,MAN,65,3.6307692307692307,0.42,3.4946153846153845,227.14999999999998
CZ,CZ03,CZ03,PS,con,MAN,65,3.6307692307692307,0.42,3.4946153846153845,227.14999999999998
CZ,CZ04,CZ04,PS,con,MAN,65,3.6307692307692307,0.42,3.4946153846153845,227.14999999999998
CZ,CZ05,CZ05,PS,con,MAN,65,3.6307692307692307,0.42,3.4946153846153845,227.14999999999998
CZ,CZ06,CZ06,PS,con,MAN,65,3.6307692307692307,0.42,3.4946153846153845,227.14999999999998
CZ,CZ07,CZ07,PS,con,MAN,65,3.6307692307692307,0.42,3.4946153846153845,227.14999999999998
CZ,CZ08,CZ08,PS,con,MAN,65,3.6307692307692307,0.42,3.4946153846153845,227.14999999999998
CZ,CZ01,CZ01,QR,broad,MAN,65,4.2553846153846155,0.57,5.558596153846153,361.30875
CZ,CZ02,CZ02,QR,broad,MAN,65,4.2553846153846155,0.57,5.558596153846153,361.30875
CZ,CZ03,CZ03,QR,broad,MAN,65,4.2553846153846155,0.57,5.558596153846153,361.30875
CZ,CZ04,CZ04,QR,broad,MAN,65,4.2553846153846155,0.57,5.558596153846153,361.30875
CZ,CZ05,CZ05,QR,broad,MAN,65,4.2553846153846155,0.57,5.558596153846153,361.30875
CZ,CZ06,CZ06,QR,broad,MAN,65,4.2553846153846155,0.57,5.558596153846153,361.30875
CZ,CZ07,CZ07,QR,broad,MAN,65,4.2553846153846155,0.57,5.558596153846153,361.30875
CZ,CZ08,CZ08,QR,broad,MAN,65,4.2553846153846155,0.57,5.558596153846153,361.30875
DE,DE_B-B,DE3,DF,con,H,85,6.329411764705882,0.39,5.656911764705882,480.8375
DE,DE_B-W,DE1,DF,con,H,85,6.5976470588235285,0.39,5.896647058823529,501.215
DE,DE_Bay,DE2,DF,con,H,85,8.41294117647059,0.38,7.3262696078431375,622.7329166666667
DE,DE_Hes,DE7,DF,con,H,85,4.424705882352941,0.39,3.954580882352941,336.139375
DE,DE_M-V,DE8,DF,con,H,85,4.544705882352941,0.38,3.9576813725490196,336.40291666666667
DE,DE_N-W,DEA,DF,con,H,85,2.081176470588235,0.38,1.8123578431372547,154.05041666666665
DE,DE_NHB,DE5,DF,con,H,85,6.2176470588235295,0.39,5.55702205882353,472.34687500000007
DE,DE_R-P,DEB,DF,con,H,85,5.971764705882353,0.38,5.200411764705882,442.0349999999999
DE,DE_S-A,DEE,DF,con,H,85,3.310588235294117,0.38,2.8829705882352936,245.05249999999995
DE,DE_S-H,DEF,DF,con,H,85,4.398823529411764,0.38,3.8306421568627447,325.6045833333333
DE,DE_Sac,DED,DF,con,H,85,10.963529411764705,0.38,9.547406862745097,811.5295833333332
DE,DE_Sar,DEC,DF,con,H,85,5.971764705882353,0.39,5.337264705882353,453.66749999999996
DE,DE_Thu,DEG,DF,con,H,85,5.971764705882353,0.39,5.337264705882353,453.66749999999996
DE,DE_B-B,DE3,FS,broad,H,75,3.8813333333333335,0.57,5.069991666666667,380.249375
DE,DE_B-W,DE1,FS,broad,H,95,3.7431578947368425,0.57,4.889499999999999,464.5024999999999
DE,DE_Bay,DE2,FS,broad,H,95,4.08421052631579,0.57,5.335,506.825
DE,DE_Hes,DE7,FS,broad,H,95,3.923157894736842,0.57,5.124624999999999,486.8393749999999
DE,DE_M-V,DE8,FS,broad,H,85,4.227058823529412,0.57,5.521595588235294,469.335625
DE,DE_N-W,DEA,FS,broad,H,85,4.432941176470588,0.57,5.790529411764704,492.1949999999999
DE,DE_NHB,DE5,FS,broad,H,95,3.568421052631579,0.57,4.66125,442.81874999999997
DE,DE_R-P,DEB,FS,broad,H,95,3.391578947368421,0.57,4.430249999999999,420.8737499999999
DE,DE_S-A,DEE,FS,broad,H,95,3.6873684210526316,0.57,4.816624999999999,457.5793749999999
DE,DE_S-H,DEF,FS,broad,H,95,4.2768421052631584,0.57,5.586625000000001,530.729375
DE,DE_Sac,DED,FS,broad,H,95,3.805263157894737,0.57,4.970625,472.209375
DE,DE_Sar,DEC,FS,broad,H,85,3.9788235294117644,0.57,5.197338235294117,441.77374999999995
DE,DE_Thu,DEG,FS,broad,H,95,3.905263157894737,0.57,5.101249999999999,484.6187499999999
DE,DE_B-B,DE3,LD,con,H,45,6.322222222222222,0.39,5.65048611111111,254.27187499999997
DE,DE_B-W,DE1,LD,con,H,45,5.6466666666666665,0.39,5.046708333333333,227.10187499999998
DE,DE_Bay,DE2,LD,con,H,55,6.718181818181818,0.39,6.004375,330.24062499999997
DE,DE_Hes,DE7,LD,con,H,35,6.314285714285714,0.39,5.643392857142857,197.51874999999998
DE,DE_M-V,DE8,LD,con,H,45,6.859999999999999,0.39,6.131124999999999,275.90062499999993
DE,DE_N-W,DEA,LD,con,H,25,8.184,0.39,7.314449999999999,182.86124999999998
DE,DE_NHB,DE5,LD,con,H,45,5.095555555555555,0.39,4.554152777777778,204.93687500000001
DE,DE_R-P,DEB,LD,con,H,25,6.944,0.39,6.206199999999999,155.15499999999997
DE,DE_S-A,DEE,LD,con,H,25,6.904,0.39,6.17045,154.26125
DE,DE_S-H,DEF,LD,con,H,35,6.66,0.39,5.952375,208.333125
DE,DE_Sac,DED,LD,con,H,45,5.795555555555556,0.39,5.179777777777778,233.09
DE,DE_Sar,DEC,LD,con,H,45,5.982222222222222,0.39,5.346611111111112,240.59750000000003
DE,DE_Thu,DEG,LD,con,H,35,6.094285714285714,0.39,5.446767857142857,190.63687499999997
DE,DE_B-B,DE3,OL,broad,H,75,4.34,0.35,3.481041666666666,261.07812499999994
DE,DE_B-W,DE1,OL,broad,H,75,4.045333333333333,0.33,3.059283333333333,229.44625
DE,DE_Bay,DE2,OL,broad,H,65,4.59076923076923,0.33,3.4717692307692305,225.665
DE,DE_Hes,DE7,OL,broad,H,85,3.5494117647058823,0.33,2.684242647058823,228.16062499999998
DE,DE_M-V,DE8,OL,broad,H,95,3.7073684210526316,0.32,2.7187368421052627,258.28
DE,DE_N-W,DEA,OL,broad,H,55,5.032727272727273,0.33,3.8060000000000005,209.33000000000004
DE,DE_NHB,DE5,OL,broad,H,85,4.015294117647059,0.33,3.036566176470588,258.108125
DE,DE_R-P,DEB,OL,broad,H,95,2.8284210526315787,0.33,2.138993421052631,203.20437499999997
DE,DE_S-A,DEE,OL,broad,H,75,3.798666666666666,0.33,2.8727416666666667,215.455625
DE,DE_S-H,DEF,OL,broad,H,65,4.986153846153846,0.33,3.7707788461538465,245.10062500000004
DE,DE_Sac,DED,OL,broad,H,95,4.502105263157895,0.32,3.3015438596491227,313.64666666666665
DE,DE_Sar,DEC,OL,broad,H,55,4.229090909090909,0.33,3.19825,175.90375
DE,DE_Thu,DEG,OL,broad,H,95,3.4484210526315793,0.33,2.607868421052632,247.74750000000006
DE,DE_B-B,DE3,OS,broad,H,75,3.412,0.66,5.16065,387.04875000000004
DE,DE_B-W,DE1,OS,broad,H,55,5.125454545454545,0.67,7.869708333333333,432.83395833333327
DE,DE_Bay,DE2,OS,broad,H,65,3.8,0.66,5.7475,373.5875
DE,DE_Hes,DE7,OS,broad,H,65,3.453846153846154,0.66,5.223942307692307,339.55625
DE,DE_M-V,DE8,OS,broad,H,75,3.3853333333333335,0.66,5.120316666666667,384.02375
DE,DE_N-W,DEA,OS,broad,H,55,4.294545454545454,0.66,6.495499999999998,357.2524999999999
DE,DE_NHB,DE5,OS,broad,H,65,3.463076923076923,0.66,5.237903846153845,340.46374999999995
DE,DE_R-P,DEB,OS,broad,H,65,3.1984615384615385,0.66,4.8376730769230765,314.44874999999996
DE,DE_S-A,DEE,OS,broad,H,75,3.3506666666666667,0.66,5.067883333333333,380.09124999999995
DE,DE_S-H,DEF,OS,broad,H,45,3.6577777777777776,0.66,5.53238888888889,248.95750000000004
DE,DE_Sac,DED,OS,broad,H,55,3.9909090909090907,0.66,6.03625,331.99375
DE,DE_Sar,DEC,OS,broad,H,45,4.068888888888889,0.66,6.154194444444444,276.93874999999997
DE,DE_Thu,DEG,OS,broad,H,65,3.229230769230769,0.66,4.884211538461539,317.47375000000005
DE,DE_B-B,DE3,PA,con,H,25,7.6160000000000005,0.54,9.424800000000001,235.62000000000003
DE,DE_B-W,DE1,PA,con,H,65,7.438461538461539,0.52,8.864166666666668,576.1708333333333
DE,DE_Bay,DE2,PA,con,H,75,7.209333333333334,0.52,8.591122222222223,644.3341666666668
DE,DE_Hes,DE7,PA,con,H,65,7.615384615384615,0.5,8.725961538461537,567.1874999999999
DE,DE_M-V,DE8,PA,con,H,55,7.4363636363636365,0.51,8.69125,478.01875
DE,DE_N-W,DEA,PA,con,H,65,5.6,0.52,6.673333333333334,433.7666666666667
DE,DE_NHB,DE5,PA,con,H,55,7.634545454545454,0.51,8.922875,490.75812499999995
DE,DE_R-P,DEB,PA,con,H,65,6.5661538461538465,0.51,7.674192307692308,498.8225
DE,DE_S-A,DEE,PA,con,H,85,6.010588235294118,0.5,6.887132352941176,585.40625
DE,DE_S-H,DEF,PA,con,H,65,5.687692307692307,0.51,6.647490384615384,432.08687499999996
DE,DE_Sac,DED,PA,con,H,55,6.052727272727273,0.5,6.935416666666666,381.44791666666663
DE,DE_Sar,DEC,PA,con,H,65,6.586153846153847,0.5,7.546634615384616,490.53125000000006
DE,DE_Thu,DEG,PA,con,H,65,6.273846153846154,0.51,7.332557692307693,476.6162500000001
DE,DE_B-B,DE3,PS,con,H,45,5.277777777777778,0.36,4.354166666666666,195.93749999999997
DE,DE_B-W,DE1,PS,con,H,65,4.375384615384615,0.36,3.6096923076923066,234.62999999999994
DE,DE_Bay,DE2,PS,con,H,65,5.427692307692308,0.35,4.353461538461538,282.97499999999997
DE,DE_Hes,DE7,PS,con,H,55,5.283636363636364,0.35,4.237916666666667,233.08541666666667
DE,DE_M-V,DE8,PS,con,H,55,5.710909090909091,0.35,4.5806249999999995,251.93437499999996
DE,DE_N-W,DEA,PS,con,H,55,4.720000000000001,0.36,3.894,214.17000000000002
DE,DE_NHB,DE5,PS,con,H,65,4.695384615384615,0.35,3.7660897435897427,244.79583333333326
DE,DE_R-P,DEB,PS,con,H,55,4.550909090909091,0.36,3.7544999999999993,206.49749999999997
DE,DE_S-A,DEE,PS,con,H,35,6.394285714285715,0.36,5.275285714285714,184.635
DE,DE_S-H,DEF,PS,con,H,65,4.149230769230769,0.36,3.423115384615384,222.50249999999997
DE,DE_Sac,DED,PS,con,H,85,2.4647058823529413,0.36,2.0333823529411763,172.83749999999998
DE,DE_Sar,DEC,PS,con,H,45,5.802222222222222,0.36,4.786833333333333,215.4075
DE,DE_Thu,DEG,PS,con,H,95,3.557894736842105,0.35,2.8537280701754386,271.1041666666667
DE,DE_B-B,DE3,QR,broad,H,95,3.055789473684211,0.59,4.131682017543859,392.5097916666666
DE,DE_B-W,DE1,QR,broad,H,75,3.336,0.6,4.587,344.025
DE,DE_Bay,DE2,QR,broad,H,95,3.345263157894737,0.59,4.523074561403508,429.69208333333324
DE,DE_Hes,DE7,QR,broad,H,95,2.8810526315789473,0.59,3.895423245614035,370.0652083333333
DE,DE_M-V,DE8,QR,broad,H,95,3.165263157894737,0.59,4.2796995614035085,406.5714583333333
DE,DE_N-W,DEA,QR,broad,H,65,3.813846153846154,0.6,5.2440384615384605,340.86249999999995
DE,DE_NHB,DE5,QR,broad,H,95,3.9705263157894737,0.59,5.36848245614035,510.0058333333332
DE,DE_R-P,DEB,QR,broad,H,95,2.582105263157895,0.59,3.49122149122807,331.6660416666667
DE,DE_S-A,DEE,QR,broad,H,95,2.8610526315789473,0.59,3.868381578947368,367.49625
DE,DE_S-H,DEF,QR,broad,H,95,3.44,0.59,4.651166666666667,441.86083333333335
DE,DE_Sac,DED,QR,broad,H,95,3.377894736842105,0.59,4.567195175438596,433.88354166666664
DE,DE_Sar,DEC,QR,broad,H,65,3.7753846153846156,0.6,5.191153846153846,337.42499999999995
DE,DE_Thu,DEG,QR,broad,H,95,3.36,0.59,4.542999999999999,431.5849999999999
DK,DK01,DK01,AA,con,H,75,4.809333333333333,0.4,4.408555555555555,330.64166666666665
DK,DK02,DK02,AA,con,H,75,3.4173333333333336,0.41,3.2108694444444446,240.81520833333335
DK,DK03,DK03,AA,con,H,75,2.948,0.41,2.7698916666666666,207.741875
DK,DK04,DK04,AA,con,H,75,3.288,0.41,3.0893499999999996,231.70124999999996
DK,DK05,DK05,AA,con,H,75,3.296,0.4,3.021333333333333,226.6
DK,DK01,DK01,FS,broad,H,75,4.386666666666667,0.58,5.830611111111112,437.29583333333335
DK,DK02,DK02,FS,broad,H,75,4.245333333333333,0.58,5.642755555555555,423.2066666666666
DK,DK03,DK03,FS,broad,H,75,4.968,0.59,6.717149999999999,503.78624999999994
DK,DK04,DK04,FS,broad,H,75,4.556,0.58,6.055683333333333,454.1762499999999
DK,DK05,DK05,FS,broad,H,75,3.485333333333333,0.58,4.632588888888888,347.4441666666666
DK,DK01,DK01,OB,broad,H,75,5.404,0.59,7.306658333333332,547.9993749999999
DK,DK02,DK02,OB,broad,H,75,7.1866666666666665,0.6,9.881666666666666,741.125
DK,DK03,DK03,OB,broad,H,75,6.922666666666667,0.6,9.518666666666666,713.9
DK,DK04,DK04,OB,broad,H,75,5.296,0.59,7.160633333333333,537.0475
DK,DK05,DK05,OB,broad,H,75,3.705333333333333,0.58,4.925005555555555,369.37541666666664
DK,DK01,DK01,OC,con,H,75,4.691999999999999,0.39,4.193474999999999,314.51062499999995
DK,DK02,DK02,OC,con,H,75,4.053333333333334,0.39,3.622666666666667,271.70000000000005
DK,DK03,DK03,OC,con,H,75,3.2613333333333334,0.4,2.989555555555556,224.2166666666667
DK,DK04,DK04,OC,con,H,75,3.4053333333333335,0.4,3.1215555555555556,234.11666666666667
DK,DK05,DK05,OC,con,H,75,3.0426666666666664,0.4,2.789111111111111,209.18333333333334
DK,DK01,DK01,PA,con,H,75,5.388,0.39,4.815524999999999,361.16437499999995
DK,DK02,DK02,PA,con,H,75,5.596,0.39,5.001425,375.106875
DK,DK03,DK03,PA,con,H,75,3.728,0.4,3.4173333333333336,256.3
DK,DK04,DK04,PA,con,H,75,3.486666666666667,0.4,3.196111111111111,239.70833333333334
DK,DK05,DK05,PA,con,H,75,4.54,0.39,4.057625,304.321875
DK,DK01,DK01,PS,con,H,75,3.4053333333333335,0.4,3.1215555555555556,234.11666666666667
DK,DK02,DK02,PS,con,H,75,2.6066666666666665,0.4,2.3894444444444445,179.20833333333334
DK,DK03,DK03,PS,con,H,75,1.6453333333333333,0.4,1.5082222222222221,113.11666666666666
DK,DK04,DK04,PS,con,H,75,2.750666666666667,0.4,2.521444444444445,189.10833333333338
DK,DK05,DK05,PS,con,H,75,1.6666666666666667,0.4,1.527777777777778,114.58333333333334
DK,DK01,DK01,QR,broad,H,75,3.6266666666666665,0.58,4.820444444444443,361.53333333333325
DK,DK02,DK02,QR,broad,H,75,4.634666666666667,0.58,6.1602444444444435,462.01833333333326
DK,DK03,DK03,QR,broad,H,75,4.069333333333333,0.58,5.40882222222222,405.6616666666665
DK,DK04,DK04,QR,broad,H,75,3.4546666666666668,0.58,4.591827777777777,344.38708333333324
DK,DK05,DK05,QR,broad,H,75,1.9066666666666667,0.56,2.446888888888889,183.51666666666668
EE,?,NUTS0,AG,broad,H,75,3.1493333333333333,0.48,3.464266666666666,259.81999999999994
EE,?,NUTS0,AI,broad,H,45,4.7155555555555555,0.48,5.18711111111111,233.41999999999996
EE,?,NUTS0,BT,broad,H,85,2.5788235294117645,0.57,3.368588235294117,286.3299999999999
EE,?,NUTS0,OB,broad,H,95,2.216842105263158,0.44,2.235315789473684,212.355
EE,?,NUTS0,PA,con,H,85,3.1635294117647055,0.45,3.2623897058823523,277.30312499999997
EE,?,NUTS0,PS,con,H,95,3.1294736842105264,0.36,2.5818157894736844,245.2725
EE,?,NUTS0,PT,broad,H,65,4.28923076923077,0.57,5.602807692307692,364.1825
FI,FI_N,FI1A,OB,broad,H,65,1.426153846153846,0.61,1.9936442307692306,129.586875
FI,FI_S,Other administrative regions,OB,broad,H,65,2.7892307692307696,0.57,3.6434326923076927,236.82312500000003
FI,FI_N,FI1A,PA,con,H,65,1.5184615384615385,0.43,1.4963173076923078,97.260625
FI,FI_S,Other administrative regions,PA,con,H,65,3.113846153846154,0.41,2.9257179487179483,190.17166666666665
FI,FI_N,FI1A,PS,con,H,65,1.22,0.45,1.258125,81.778125
FI,FI_S,Other administrative regions,PS,con,H,65,2.1507692307692308,0.44,2.1686923076923077,140.965
FR,FRC2,FRC2,AA,con,?,25,4.912,0.42,4.7278,118.19500000000001
FR,FRF1,FRF1,AA,con,?,25,6.28,0.42,6.044499999999999,151.11249999999998
FR,FRF3,FRF3,AA,con,?,25,4.4,0.42,4.234999999999999,105.87499999999999
FR,FRJ1,FRJ1,AA,con,?,25,4.68,0.42,4.504499999999999,112.61249999999998
FR,FRJ2,FRJ2,AA,con,?,25,4.4,0.42,4.234999999999999,105.87499999999999
FR,FRK1,FRK1,AA,con,?,25,5.9,0.42,5.67875,141.96875
FR,FRK2,FRK2,AA,con,?,25,5.303999999999999,0.42,5.105099999999998,127.62749999999996
FR,FRB0,FRB0,CB,broad,?,25,2.824,0.53,3.4299833333333334,85.74958333333333
FR,FRC1,FRC1,CB,broad,?,25,3.2560000000000002,0.53,3.9546833333333336,98.86708333333334
FR,FRC2,FRC2,CB,broad,?,25,3.424,0.53,4.158733333333333,103.96833333333333
FR,FRE2,FRE2,CB,broad,?,25,3.372,0.53,4.095575,102.389375
FR,FRF2,FRF2,CB,broad,?,25,3.096,0.53,3.76035,94.00874999999999
FR,FRF3,FRF3,CB,broad,?,25,2.892,0.53,3.512575,87.814375
FR,FRB0,FRB0,CS,broad,?,25,4.508,0.52,5.372033333333333,134.30083333333334
FR,FRG0,FRG0,CS,broad,?,25,4.36,0.52,5.195666666666668,129.8916666666667
FR,FRH0,FRH0,CS,broad,?,25,4.692,0.52,5.5913,139.7825
FR,FRI1,FRI1,CS,broad,?,25,4.132,0.52,4.923966666666666,123.09916666666665
FR,FRI2,FRI2,CS,broad,?,25,4.588,0.52,5.467366666666668,136.6841666666667
FR,FRI3,FRI3,CS,broad,?,25,3.576,0.53,4.34335,108.58375
FR,FRJ1,FRJ1,CS,broad,?,25,3.3160000000000003,0.53,4.027558333333333,100.68895833333333
FR,FRJ2,FRJ2,CS,broad,?,25,4.62,0.52,5.5055,137.6375
FR,FRK2,FRK2,CS,broad,?,25,4.572,0.52,5.4483,136.20749999999998
FR,FRC1,FRC1,DF,con,?,55,7.669090909090909,0.41,7.205749999999998,396.3162499999999
FR,FRI2,FRI2,DF,con,?,55,6.778181818181818,0.41,6.368666666666667,350.2766666666667
FR,FRJ2,FRJ2,DF,con,?,55,7.1,0.41,6.671041666666665,366.90729166666654
FR,FRK1,FRK1,DF,con,?,55,7.838181818181819,0.41,7.364625,405.054375
FR,FRK2,FRK2,DF,con,?,55,9.82909090909091,0.41,9.235249999999999,507.9387499999999
FR,FR10,FR10,FE,broad,?,95,2.0631578947368423,0.51,2.4113157894736843,229.07500000000002
FR,FRC1,FRC1,FE,broad,?,95,1.7410526315789474,0.51,2.034855263157895,193.31125
FR,FRC2,FRC2,FE,broad,?,95,2.1021052631578945,0.51,2.456835526315789,233.39937499999996
FR,FRE2,FRE2,FE,broad,?,95,2.1336842105263156,0.51,2.4937434210526312,236.90562499999996
FR,FRF2,FRF2,FE,broad,?,95,2.1894736842105265,0.51,2.558947368421052,243.09999999999997
FR,FRF3,FRF3,FE,broad,?,95,1.9505263157894739,0.51,2.2796776315789478,216.56937500000004
FR,FRJ2,FRJ2,FE,broad,?,95,1.3505263157894738,0.52,1.6093771929824563,152.89083333333335
FR,FRK1,FRK1,FE,broad,?,85,1.7823529411764707,0.51,2.083125,177.06562499999998
FR,FRK2,FRK2,FE,broad,?,95,1.8368421052631578,0.51,2.1468092105263157,203.94687499999998
FR,FRC1,FRC1,FS,broad,?,25,2.276,0.68,3.5467666666666666,88.66916666666667
FR,FRC2,FRC2,FS,broad,?,25,2.884,0.66,4.36205,109.05125
FR,FRD2,FRD2,FS,broad,?,25,2.88,0.66,4.356,108.89999999999999
FR,FRE2,FRE2,FS,broad,?,25,2.472,0.67,3.7955500000000004,94.88875000000002
FR,FRF1,FRF1,FS,broad,?,25,3.3680000000000003,0.64,4.939733333333333,123.49333333333333
FR,FRF2,FRF2,FS,broad,?,25,1.976,0.69,3.1245499999999997,78.11375
FR,FRF3,FRF3,FS,broad,?,25,2.444,0.67,3.7525583333333334,93.81395833333333
FR,FRI1,FRI1,FS,broad,?,25,2.924,0.66,4.42255,110.56375
FR,FRI2,FRI2,FS,broad,?,25,2.784,0.66,4.2108,105.27
FR,FRJ1,FRJ1,FS,broad,?,25,2.016,0.69,3.1877999999999993,79.69499999999998
FR,FRJ2,FRJ2,FS,broad,?,25,2.388,0.67,3.666575,91.66437499999999
FR,FRK1,FRK1,FS,broad,?,25,3.1,0.65,4.617708333333334,115.44270833333334
FR,FRK2,FRK2,FS,broad,?,25,2.884,0.66,4.36205,109.05125
FR,FRL0,FRL0,FS,broad,?,25,1.912,0.68,2.979533333333333,74.48833333333333
FR,FR10,FR10,OB,broad,?,25,3.972,0.52,4.7333,118.3325
FR,FRB0,FRB0,OB,broad,?,25,3.6439999999999997,0.53,4.425941666666667,110.64854166666666
FR,FRC1,FRC1,OB,broad,?,25,3.592,0.53,4.362783333333333,109.06958333333333
FR,FRC2,FRC2,OB,broad,?,25,4.688,0.52,5.586533333333334,139.66333333333333
FR,FRD1,FRD1,OB,broad,?,25,3.536,0.52,4.213733333333333,105.34333333333332
FR,FRD2,FRD2,OB,broad,?,25,3.76,0.52,4.480666666666667,112.01666666666668
FR,FRE1,FRE1,OB,broad,?,25,4.4,0.52,5.243333333333333,131.08333333333334
FR,FRE2,FRE2,OB,broad,?,25,4.252,0.52,5.066966666666667,126.67416666666666
FR,FRF1,FRF1,OB,broad,?,25,4.4,0.52,5.243333333333333,131.08333333333334
FR,FRF2,FRF2,OB,broad,?,25,3.888,0.52,4.6331999999999995,115.82999999999998
FR,FRF3,FRF3,OB,broad,?,25,3.1839999999999997,0.53,3.867233333333333,96.68083333333333
FR,FRG0,FRG0,OB,broad,?,25,3.28,0.53,3.983833333333333,99.59583333333333
FR,FRH0,FRH0,OB,broad,?,25,3.008,0.53,3.6534666666666666,91.33666666666667
FR,FRI1,FRI1,OB,broad,?,25,2.888,0.53,3.5077166666666666,87.69291666666666
FR,FRI2,FRI2,OB,broad,?,25,3.656,0.53,4.4405166666666664,111.01291666666665
FR,FRI3,FRI3,OB,broad,?,25,3.628,0.53,4.406508333333333,110.16270833333333
FR,FRJ1,FRJ1,OB,broad,?,25,1.196,0.57,1.5622749999999996,39.05687499999999
FR,FRJ2,FRJ2,OB,broad,?,25,2.58,0.54,3.19275,79.81875000000001
FR,FRK1,FRK1,OB,broad,?,25,3.8280000000000003,0.52,4.561700000000001,114.04250000000002
FR,FRK2,FRK2,OB,broad,?,25,3.2760000000000002,0.53,3.9789750000000006,99.47437500000001
FR,FRL0,FRL0,OB,broad,?,25,1.48,0.56,1.8993333333333333,47.483333333333334
FR,FRM0,FRM0,OB,broad,?,25,1.952,0.55,2.4603333333333337,61.50833333333334
FR,FRB0,FRB0,OC,con,?,45,3.173333333333334,0.42,3.054333333333334,137.44500000000002
FR,FRH0,FRH0,OC,con,?,45,4.766666666666667,0.42,4.587916666666666,206.45624999999995
FR,FRJ1,FRJ1,OC,con,?,45,2.1422222222222222,0.42,2.0618888888888884,92.78499999999998
FR,FRJ2,FRJ2,OC,con,?,45,3.208888888888889,0.42,3.0885555555555557,138.985
FR,FRK2,FRK2,OC,con,?,45,2.977777777777778,0.42,2.866111111111111,128.975
FR,FRL0,FRL0,OC,con,?,45,2.3466666666666667,0.42,2.258666666666666,101.63999999999997
FR,FRM0,FRM0,OC,con,?,45,4.766666666666667,0.42,4.587916666666666,206.45624999999995
FR,FRC2,FRC2,PA,con,?,45,5.935555555555556,0.41,5.576949074074074,250.96270833333332
FR,FRF1,FRF1,PA,con,?,45,6.3,0.41,5.919374999999999,266.37187499999993
FR,FRF2,FRF2,PA,con,?,45,4.788888888888889,0.42,4.609305555555555,207.41875
FR,FRF3,FRF3,PA,con,?,45,4.882222222222222,0.42,4.699138888888888,211.46124999999998
FR,FRI2,FRI2,PA,con,?,45,5.2,0.42,5.005000000000001,225.22500000000002
FR,FRJ1,FRJ1,PA,con,?,45,4.2,0.41,3.94625,177.58125
FR,FRK1,FRK1,PA,con,?,45,5.764444444444444,0.42,5.548277777777777,249.67249999999996
FR,FRK2,FRK2,PA,con,?,45,6.066666666666666,0.41,5.700138888888889,256.50624999999997
FR,FRB0,FRB0,PM,con,?,35,5.614285714285714,0.48,6.175714285714284,216.14999999999995
FR,FRG0,FRG0,PM,con,?,35,4.725714285714286,0.48,5.198285714285714,181.94
FR,FRH0,FRH0,PM,con,?,35,5.2942857142857145,0.48,5.823714285714285,203.82999999999998
FR,FRI1,FRI1,PM,con,?,35,2.3771428571428572,0.49,2.6693333333333333,93.42666666666666
FR,FRI3,FRI3,PM,con,?,35,2.825714285714286,0.48,3.1082857142857145,108.79
FR,FRB0,FRB0,PS,con,?,25,2.924,0.49,3.283408333333333,82.08520833333333
FR,FRC1,FRC1,PS,con,?,25,3.216,0.49,3.6113,90.2825
FR,FRF1,FRF1,PS,con,?,25,4.152,0.48,4.5672,114.17999999999999
FR,FRF3,FRF3,PS,con,?,25,4.196000000000001,0.48,4.615600000000001,115.39000000000001
FR,FRJ1,FRJ1,PS,con,?,25,1.736,0.49,1.9493833333333332,48.73458333333333
FR,FRJ2,FRJ2,PS,con,?,25,2.064,0.49,2.3177,57.942499999999995
FR,FRK1,FRK1,PS,con,?,25,3.552,0.49,3.9886,99.715
FR,FRK2,FRK2,PS,con,?,25,1.912,0.49,2.1470166666666666,53.67541666666666
FR,FRL0,FRL0,PS,con,?,25,1.66,0.49,1.8640416666666666,46.60104166666667
FR,FRI1,FRI1,QP,broad,?,95,1.5147368421052632,0.61,2.117475877192982,201.1602083333333
FR,FRI3,FRI3,QP,broad,?,95,1.2515789473684211,0.61,1.7496030701754386,166.21229166666666
FR,FRJ1,FRJ1,QP,broad,?,95,0.7694736842105263,0.62,1.0932938596491228,103.86291666666666
FR,FRJ2,FRJ2,QP,broad,?,95,1.0578947368421052,0.62,1.5030921052631576,142.79374999999996
FR,FRK2,FRK2,QP,broad,?,95,0.7978947368421052,0.62,1.1336754385964911,107.69916666666666
FR,FRL0,FRL0,QP,broad,?,95,0.6473684210526316,0.63,0.9346381578947369,88.790625
FR,FR10,FR10,QR,broad,?,45,2.671111111111111,0.61,3.7339907407407407,168.02958333333333
FR,FRB0,FRB0,QR,broad,?,45,2.348888888888889,0.62,3.337379629629629,150.1820833333333
FR,FRC1,FRC1,QR,broad,?,45,2.688888888888889,0.61,3.7588425925925923,169.14791666666665
FR,FRC2,FRC2,QR,broad,?,45,2.6244444444444444,0.61,3.668754629629629,165.09395833333332
FR,FRD1,FRD1,QR,broad,?,45,2.48,0.61,3.4668333333333328,156.00749999999996
FR,FRD2,FRD2,QR,broad,?,55,2.8836363636363633,0.61,4.031083333333333,221.7095833333333
FR,FRE1,FRE1,QR,broad,?,55,3.1345454545454547,0.6,4.31,237.04999999999998
FR,FRE2,FRE2,QR,broad,?,45,2.848888888888889,0.61,3.982509259259259,179.21291666666664
FR,FRF2,FRF2,QR,broad,?,45,2.8333333333333335,0.61,3.9607638888888888,178.234375
FR,FRF3,FRF3,QR,broad,?,45,2.8200000000000003,0.61,3.9421250000000003,177.39562500000002
FR,FRG0,FRG0,QR,broad,?,45,1.9822222222222223,0.62,2.8164074074074072,126.73833333333333
FR,FRH0,FRH0,QR,broad,?,45,2.3577777777777778,0.62,3.350009259259259,150.75041666666667
FR,FRI1,FRI1,QR,broad,?,45,1.9311111111111112,0.62,2.743787037037037,123.47041666666668
FR,FRI2,FRI2,QR,broad,?,55,2.590909090909091,0.61,3.6218749999999993,199.20312499999997
FR,FRI3,FRI3,QR,broad,?,45,2.077777777777778,0.62,2.952175925925926,132.84791666666666
FR,FRJ2,FRJ2,QR,broad,?,55,2.287272727272727,0.61,3.1974166666666664,175.85791666666665
FR,FRK1,FRK1,QR,broad,?,45,2.7444444444444445,0.61,3.8365046296296295,172.64270833333333
FR,FRK2,FRK2,QR,broad,?,55,2.470909090909091,0.61,3.4541250000000003,189.976875
FR,FR10,FR10,QT,broad,?,25,2.544,0.63,3.6729000000000003,91.8225
FR,FRB0,FRB0,QT,broad,?,25,2.696,0.63,3.8923500000000004,97.30875
FR,FRC1,FRC1,QT,broad,?,25,2.484,0.63,3.5862749999999997,89.65687499999999
FR,FRC2,FRC2,QT,broad,?,25,3.0,0.62,4.262499999999999,106.56249999999999
FR,FRD1,FRD1,QT,broad,?,25,3.344,0.62,4.751266666666666,118.78166666666665
FR,FRD2,FRD2,QT,broad,?,25,2.696,0.63,3.8923500000000004,97.30875
FR,FRE2,FRE2,QT,broad,?,25,3.332,0.62,4.734216666666666,118.35541666666664
FR,FRF1,FRF1,QT,broad,?,25,3.4360000000000004,0.62,4.881983333333333,122.04958333333333
FR,FRF2,FRF2,QT,broad,?,25,2.864,0.63,4.1349,103.3725
FR,FRF3,FRF3,QT,broad,?,25,2.7760000000000002,0.63,4.00785,100.19625
FR,FRG0,FRG0,QT,broad,?,25,2.708,0.63,3.909675,97.741875
FR,FRH0,FRH0,QT,broad,?,25,3.1719999999999997,0.63,4.579574999999999,114.48937499999998
FR,FRI3,FRI3,QT,broad,?,25,2.036,0.63,2.939475,73.486875
FR,FRJ2,FRJ2,QT,broad,?,25,2.6519999999999997,0.63,3.8288249999999997,95.720625
FR,FRK1,FRK1,QT,broad,?,25,3.16,0.62,4.489833333333333,112.24583333333334
FR,FRK2,FRK2,QT,broad,?,25,2.14,0.63,3.0896250000000003,77.24062500000001
HR,?,NUTS0,CB,broad,H,95,2.3705263157894736,0.68,3.694070175438597,350.9366666666667
HR,?,NUTS0,FS,broad,H,95,2.6357894736842105,0.66,3.9866315789473683,378.72999999999996
HR,?,NUTS0,OB,broad,H,95,2.311578947368421,0.56,2.9665263157894737,281.82
HR,?,NUTS0,OC,con,H,85,1.5988235294117648,0.42,1.5388676470588234,130.80374999999998
HR,?,NUTS0,QP,broad,H,95,2.6589473684210527,0.63,3.8388552631578947,364.69125
HR,?,NUTS0,QR,broad,H,95,3.082105263157895,0.65,4.591052631578948,436.15000000000003
HU,?,NUTS0,FS,broad,H,45,3.595555555555556,0.62,5.108685185185186,229.89083333333335
HU,?,NUTS0,OH,broad,H,35,4.0285714285714285,0.5,4.616071428571428,161.56249999999997
HU,?,NUTS0,OS,broad,H,45,3.588888888888889,0.5,4.112268518518519,185.05208333333337
HU,?,NUTS0,PA,con,H,45,4.0377777777777775,0.42,3.88636111111111,174.88624999999996
HU,?,NUTS0,PS,con,H,45,4.413333333333333,0.44,4.450111111111111,200.255
HU,?,NUTS0,PT,broad,H,65,4.426153846153846,0.4,4.057307692307692,263.72499999999997
HU,?,NUTS0,QR,broad,H,55,3.4272727272727272,0.61,4.791041666666667,263.5072916666667
IE,?,NUTS0,AG,broad,H,95,0.07263157894736842,0.67,0.11151973684210525,10.594375
IE,?,NUTS0,FS,broad,H,95,0.11263157894736842,0.89,0.22972149122807015,21.823541666666664
IE,?,NUTS0,OB,broad,H,95,0.33894736842105266,0.56,0.4349824561403509,41.32333333333334
IE,?,NUTS0,OC,con,H,95,6.823157894736843,0.43,6.72365350877193,638.7470833333333
IE,?,NUTS0,PA,con,H,75,5.629333333333333,0.43,5.547238888888889,416.04291666666666
IE,?,NUTS0,PS,con,H,95,0.2094736842105263,0.47,0.2256206140350877,21.433958333333333
IT,AA,ITH1,AA,con,H,25,8.4,0.54,10.395000000000001,259.87500000000006
IT,Ba,ITF5,AA,con,H,25,7.228,0.55,9.110291666666667,227.75729166666667
IT,Cal,ITF6,AA,con,H,25,7.18,0.55,9.049791666666668,226.24479166666669
IT,ER,ITH5,AA,con,H,25,8.764,0.54,10.845450000000001,271.13625
IT,FVG,ITH4,AA,con,H,25,19.408,0.5,22.238333333333333,555.9583333333334
IT,Li,ITC3,AA,con,H,25,10.968,0.53,13.32155,333.03875
IT,Lo,ITC4,AA,con,H,25,12.12,0.52,14.443,361.075
IT,Mo,ITF2,AA,con,H,25,6.263999999999999,0.56,8.038799999999998,200.96999999999997
IT,Pi,ITC1,AA,con,H,25,4.172,0.58,5.545283333333333,138.63208333333333
IT,Tn,ITH2,AA,con,H,25,9.544,0.54,11.810700000000002,295.26750000000004
IT,To,ITI1,AA,con,H,25,12.192,0.52,14.528800000000002,363.22
IT,Ve,ITH3,AA,con,H,25,7.167999999999999,0.55,9.034666666666666,225.86666666666667
IT,Ab,ITF1,BP,broad,H,55,1.029090909090909,0.45,1.06125,58.36875
IT,Ba,ITF5,BP,broad,H,55,2.6163636363636367,0.45,2.6981250000000006,148.39687500000002
IT,Cal,ITF6,BP,broad,H,55,7.2309090909090905,0.46,7.622583333333333,419.2420833333333
IT,Cam,ITF3,BP,broad,H,55,3.6763636363636363,0.45,3.7912499999999993,208.51874999999995
IT,ER,ITH5,BP,broad,H,55,3.785454545454545,0.45,3.9037499999999996,214.70624999999998
IT,FVG,ITH4,BP,broad,H,55,3.7181818181818183,0.45,3.8343750000000005,210.89062500000003
IT,La,ITI4,BP,broad,H,55,3.1763636363636363,0.45,3.275625,180.15937499999998
IT,Li,ITC3,BP,broad,H,55,2.2781818181818183,0.45,2.3493749999999998,129.215625
IT,Lo,ITC4,BP,broad,H,45,3.486666666666667,0.45,3.595625,161.803125
IT,Ma,ITI3,BP,broad,H,55,1.2181818181818183,0.45,1.25625,69.09375
IT,Mo,ITF2,BP,broad,H,45,0.9022222222222223,0.46,0.9510925925925926,42.799166666666665
IT,Pi,ITC1,BP,broad,H,55,3.8836363636363633,0.45,4.004999999999999,220.27499999999995
IT,Pu,ITF4,BP,broad,H,45,3.673333333333334,0.45,3.7881250000000004,170.46562500000002
IT,Sa,ITG2,BP,broad,H,55,2.003636363636364,0.45,2.06625,113.64375000000001
IT,Si,ITG1,BP,broad,H,55,1.8581818181818182,0.45,1.9162499999999998,105.39374999999998
IT,To,ITI1,BP,broad,H,55,8.012727272727272,0.46,8.446749999999998,464.5712499999999
IT,Um,ITI2,BP,broad,H,55,2.1036363636363635,0.45,2.1693749999999996,119.31562499999998
IT,Ve,ITH3,BP,broad,H,55,5.794545454545454,0.45,5.975624999999999,328.65937499999995
IT,Ab,ITF1,CP,con,H,55,1.029090909090909,0.45,1.06125,58.36875
IT,Ba,ITF5,CP,con,H,55,2.6163636363636367,0.45,2.6981250000000006,148.39687500000002
IT,Cal,ITF6,CP,con,H,55,7.2309090909090905,0.46,7.622583333333333,419.2420833333333
IT,Cam,ITF3,CP,con,H,55,3.6763636363636363,0.45,3.7912499999999993,208.51874999999995
IT,ER,ITH5,CP,con,H,55,3.785454545454545,0.45,3.9037499999999996,214.70624999999998
IT,FVG,ITH4,CP,con,H,55,3.7181818181818183,0.45,3.8343750000000005,210.89062500000003
IT,La,ITI4,CP,con,H,55,3.1763636363636363,0.45,3.275625,180.15937499999998
IT,Li,ITC3,CP,con,H,55,2.2781818181818183,0.45,2.3493749999999998,129.215625
IT,Lo,ITC4,CP,con,H,45,3.486666666666667,0.45,3.595625,161.803125
IT,Ma,ITI3,CP,con,H,55,1.2181818181818183,0.45,1.25625,69.09375
IT,Mo,ITF2,CP,con,H,45,0.9022222222222223,0.46,0.9510925925925926,42.799166666666665
IT,Pi,ITC1,CP,con,H,55,3.8836363636363633,0.45,4.004999999999999,220.27499999999995
IT,Pu,ITF4,CP,con,H,45,3.673333333333334,0.45,3.7881250000000004,170.46562500000002
IT,Sa,ITG2,CP,con,H,55,2.003636363636364,0.45,2.06625,113.64375000000001
IT,Si,ITG1,CP,con,H,55,1.8581818181818182,0.45,1.9162499999999998,105.39374999999998
IT,To,ITI1,CP,con,H,55,8.012727272727272,0.46,8.446749999999998,464.5712499999999
IT,Um,ITI2,CP,con,H,55,2.1036363636363635,0.45,2.1693749999999996,119.31562499999998
IT,Ve,ITH3,CP,con,H,55,5.794545454545454,0.45,5.975624999999999,328.65937499999995
IT,AA,ITH1,CS,broad,H,25,14.588,0.52,17.38403333333333,434.6008333333333
IT,Ab,ITF1,CS,broad,H,25,5.96,0.56,7.648666666666667,191.21666666666667
IT,Cal,ITF6,CS,broad,H,25,7.62,0.55,9.604375000000001,240.10937500000003
IT,FVG,ITH4,CS,broad,H,25,14.504000000000001,0.52,17.283933333333334,432.09833333333336
IT,La,ITI4,CS,broad,H,25,11.395999999999999,0.53,13.841391666666667,346.03479166666665
IT,Li,ITC3,CS,broad,H,25,13.847999999999999,0.52,16.5022,412.55499999999995
IT,Lo,ITC4,CS,broad,H,25,9.948,0.53,12.082675,302.066875
IT,Ma,ITI3,CS,broad,H,45,0.044444444444444446,1.01,0.10287037037037038,4.629166666666667
IT,Pi,ITC1,CS,broad,H,25,6.4239999999999995,0.56,8.244133333333334,206.10333333333335
IT,Sa,ITG2,CS,broad,H,25,1.564,0.64,2.2938666666666667,57.34666666666667
IT,To,ITI1,CS,broad,H,25,4.268,0.58,5.672883333333333,141.82208333333332
IT,Ve,ITH3,CS,broad,H,25,5.192,0.57,6.78205,169.55125
IT,AA,ITH1,FS,broad,H,95,4.326315789473684,0.41,4.0649342105263155,386.16875
IT,Ab,ITF1,FS,broad,H,95,3.4568421052631577,0.41,3.247991228070175,308.5591666666666
IT,Ba,ITF5,FS,broad,H,95,4.252631578947368,0.41,3.9957017543859648,379.59166666666664
IT,Cal,ITF6,FS,broad,H,95,3.409473684210526,0.41,3.2034846491228066,304.33104166666664
IT,Cam,ITF3,FS,broad,H,95,3.371578947368421,0.41,3.1678793859649117,300.9485416666666
IT,ER,ITH5,FS,broad,H,95,2.2736842105263158,0.42,2.1884210526315786,207.89999999999998
IT,FVG,ITH4,FS,broad,H,95,3.236842105263158,0.41,3.0412828947368418,288.92187499999994
IT,La,ITI4,FS,broad,H,95,2.5326315789473686,0.42,2.4376578947368417,231.57749999999996
IT,Li,ITC3,FS,broad,H,95,2.5726315789473686,0.42,2.4761578947368426,235.23500000000004
IT,Lo,ITC4,FS,broad,H,95,4.931578947368421,0.41,4.6336293859649125,440.1947916666667
IT,Mo,ITF2,FS,broad,H,95,4.762105263157895,0.41,4.474394736842105,425.06749999999994
IT,Pi,ITC1,FS,broad,H,95,2.7842105263157895,0.42,2.6798026315789474,254.58125
IT,Si,ITG1,FS,broad,H,95,2.0757894736842104,0.42,1.9979473684210522,189.80499999999995
IT,Tn,ITH2,FS,broad,H,95,2.463157894736842,0.42,2.3707894736842103,225.225
IT,To,ITI1,FS,broad,H,95,5.41578947368421,0.41,5.088585526315788,483.4156249999999
IT,Ve,ITH3,FS,broad,H,95,4.44,0.41,4.171749999999999,396.31624999999997
IT,AA,ITH1,LD,con,H,25,15.696,0.49,17.6253,440.6325
IT,FVG,ITH4,LD,con,H,25,25.531999999999996,0.49,28.670308333333328,716.7577083333332
IT,Lo,ITC4,LD,con,H,25,16.504,0.49,18.53261666666667,463.31541666666675
IT,Pi,ITC1,LD,con,H,25,4.84,0.48,5.324,133.1
IT,Tn,ITH2,LD,con,H,25,14.164000000000001,0.48,15.580400000000001,389.51000000000005
IT,Ve,ITH3,LD,con,H,25,19.052,0.49,21.393808333333336,534.8452083333334
IT,AA,ITH1,OB,broad,H,65,0.5907692307692307,0.64,0.8664615384615383,56.319999999999986
IT,Ab,ITF1,OB,broad,H,65,8.64,0.68,13.464,875.1600000000001
IT,Ba,ITF5,OB,broad,H,65,14.74,0.69,23.307624999999994,1514.9956249999996
IT,Cal,ITF6,OB,broad,H,65,1.2,0.65,1.7874999999999999,116.18749999999999
IT,Cam,ITF3,OB,broad,H,65,1.0892307692307692,0.65,1.6225,105.4625
IT,ER,ITH5,OB,broad,H,65,1.7123076923076923,0.65,2.5506249999999997,165.79062499999998
IT,FVG,ITH4,OB,broad,H,65,3.0061538461538464,0.66,4.546807692307693,295.5425000000001
IT,La,ITI4,OB,broad,H,65,2.5538461538461537,0.66,3.8626923076923076,251.075
IT,Li,ITC3,OB,broad,H,65,3.732307692307692,0.66,5.645115384615384,366.93249999999995
IT,Lo,ITC4,OB,broad,H,65,0.7107692307692308,0.64,1.0424615384615386,67.76
IT,Pi,ITC1,OB,broad,H,65,2.4584615384615387,0.66,3.718423076923077,241.6975
IT,Sa,ITG2,OB,broad,H,65,0.2353846153846154,0.66,0.3560192307692308,23.141250000000003
IT,Tn,ITH2,OB,broad,H,65,3.2523076923076926,0.66,4.919115384615385,319.7425
IT,To,ITI1,OB,broad,H,65,1.0692307692307692,0.65,1.5927083333333334,103.52604166666667
IT,Um,ITI2,OB,broad,H,65,2.7876923076923075,0.66,4.216384615384615,274.065
IT,Ve,ITH3,OB,broad,H,65,1.7646153846153847,0.65,2.6285416666666666,170.85520833333334
IT,Ab,ITF1,OC,con,H,65,4.664615384615384,0.55,5.879358974358975,382.15833333333336
IT,Ba,ITF5,OC,con,H,65,10.069230769230769,0.6,13.845192307692304,899.9374999999998
IT,Cal,ITF6,OC,con,H,65,7.096923076923077,0.58,9.432993589743589,613.1445833333332
IT,Cam,ITF3,OC,con,H,65,5.386153846153847,0.56,6.912230769230769,449.29499999999996
IT,ER,ITH5,OC,con,H,65,2.8123076923076926,0.52,3.3513333333333333,217.83666666666667
IT,FVG,ITH4,OC,con,H,65,4.898461538461538,0.55,6.174102564102563,401.3166666666666
IT,La,ITI4,OC,con,H,65,5.826153846153846,0.57,7.610413461538461,494.676875
IT,Li,ITC3,OC,con,H,65,6.521538461538461,0.57,8.518759615384614,553.7193749999999
IT,Ma,ITI3,OC,con,H,65,1.78,0.5,2.0395833333333333,132.57291666666666
IT,Pi,ITC1,OC,con,H,65,2.4646153846153847,0.51,2.880519230769231,187.23375000000001
IT,Sa,ITG2,OC,con,H,65,2.9476923076923076,0.52,3.512666666666666,228.3233333333333
IT,Si,ITG1,OC,con,H,65,3.2015384615384614,0.53,3.8885352564102558,252.75479166666662
IT,To,ITI1,OC,con,H,65,6.323076923076923,0.57,8.25951923076923,536.86875
IT,Um,ITI2,OC,con,H,65,3.6353846153846154,0.54,4.498788461538462,292.42125000000004
IT,Cal,ITF6,OE,broad,H,45,2.882222222222222,0.69,4.557513888888888,205.08812499999996
IT,Sa,ITG2,OE,broad,H,45,1.7088888888888891,0.69,2.7021805555555556,121.598125
IT,Si,ITG1,OE,broad,H,35,2.394285714285714,0.69,3.785964285714285,132.50874999999996
IT,Ab,ITF1,Oca,broad,H,95,7.927368421052631,0.68,12.35348245614035,1173.5808333333332
IT,Cam,ITF3,Oca,broad,H,95,26.677894736842106,0.71,43.40715789473684,4123.68
IT,ER,ITH5,Oca,broad,H,95,2.746315789473684,0.67,4.216739035087719,400.5902083333333
IT,FVG,ITH4,Oca,broad,H,95,10.769473684210526,0.69,17.029230263157892,1617.7768749999998
IT,Pi,ITC1,Oca,broad,H,95,3.957894736842105,0.67,6.0770175438596485,577.3166666666666
IT,To,ITI1,Oca,broad,H,95,5.891578947368422,0.68,9.181043859649126,872.199166666667
IT,Ve,ITH3,Oca,broad,H,95,14.566315789473684,0.7,23.366798245614035,2219.8458333333333
IT,AA,ITH1,PA,con,H,75,4.026666666666666,0.42,3.875666666666666,290.67499999999995
IT,Ab,ITF1,PA,con,H,75,3.2333333333333334,0.41,3.0379861111111106,227.8489583333333
IT,ER,ITH5,PA,con,H,75,5.3,0.43,5.222708333333332,391.70312499999994
IT,FVG,ITH4,PA,con,H,75,5.364,0.43,5.285774999999999,396.43312499999996
IT,La,ITI4,PA,con,H,75,5.453333333333333,0.43,5.373805555555555,403.03541666666666
IT,Lo,ITC4,PA,con,H,75,6.502666666666666,0.44,6.556855555555555,491.7641666666666
IT,Ma,ITI3,PA,con,H,85,1.3435294117647059,0.38,1.1699901960784316,99.44916666666668
IT,Pi,ITC1,PA,con,H,75,7.862666666666668,0.45,8.108375,608.1281250000001
IT,Tn,ITH2,PA,con,H,75,6.788,0.44,6.844566666666666,513.3425
IT,To,ITI1,PA,con,H,75,7.358666666666666,0.44,7.419988888888888,556.4991666666666
IT,Va,ITC2,PA,con,H,75,6.698666666666666,0.44,6.754488888888888,506.5866666666666
IT,Ve,ITH3,PA,con,H,75,6.558666666666666,0.44,6.613322222222221,495.9991666666666
IT,Ab,ITF1,PM,con,H,55,1.6654545454545453,0.57,2.1754999999999995,119.65249999999997
IT,Ba,ITF5,PM,con,H,65,1.5169230769230768,0.57,1.981480769230769,128.79625
IT,Cal,ITF6,PM,con,H,55,6.949090909090909,0.49,7.803249999999999,429.17875
IT,Cam,ITF3,PM,con,H,55,3.4490909090909088,0.53,4.189208333333333,230.40645833333332
IT,ER,ITH5,PM,con,H,55,2.4890909090909092,0.54,3.0802500000000004,169.41375000000002
IT,La,ITI4,PM,con,H,55,2.9163636363636365,0.54,3.609,198.495
IT,Li,ITC3,PM,con,H,55,1.8872727272727272,0.56,2.422,133.21
IT,Mo,ITF2,PM,con,H,55,2.321818181818182,0.55,2.926458333333333,160.95520833333333
IT,Pi,ITC1,PM,con,H,55,1.4800000000000002,0.58,1.9671666666666667,108.19416666666667
IT,Pu,ITF4,PM,con,H,65,1.8,0.55,2.2687500000000003,147.46875000000003
IT,Sa,ITG2,PM,con,H,55,2.069090909090909,0.56,2.655333333333333,146.04333333333332
IT,Si,ITG1,PM,con,H,55,3.678181818181818,0.52,4.383166666666667,241.07416666666668
IT,To,ITI1,PM,con,H,55,3.852727272727273,0.52,4.591166666666667,252.51416666666668
IT,Um,ITI2,PM,con,H,55,2.9690909090909092,0.53,3.606208333333334,198.34145833333338
IT,Ve,ITH3,PM,con,H,55,3.6054545454545455,0.52,4.2965,236.3075
IT,AA,ITH1,PN,con,H,75,0.15733333333333335,0.59,0.21272777777777777,15.954583333333332
IT,Ab,ITF1,PN,con,H,75,2.26,0.43,2.227041666666666,167.02812499999996
IT,Ba,ITF5,PN,con,H,75,1.7733333333333334,0.44,1.7881111111111112,134.10833333333335
IT,Cal,ITF6,PN,con,H,75,6.196,0.42,5.9636499999999995,447.27374999999995
IT,Cam,ITF3,PN,con,H,75,4.973333333333334,0.42,4.786833333333333,359.0125
IT,ER,ITH5,PN,con,H,75,4.9959999999999996,0.42,4.808649999999999,360.64874999999995
IT,FVG,ITH4,PN,con,H,75,4.874666666666667,0.42,4.691866666666667,351.89
IT,La,ITI4,PN,con,H,75,3.0226666666666664,0.43,2.9785861111111105,223.39395833333327
IT,Li,ITC3,PN,con,H,75,4.6466666666666665,0.42,4.472416666666666,335.4312499999999
IT,Lo,ITC4,PN,con,H,75,3.0826666666666664,0.43,3.0377111111111113,227.82833333333335
IT,Ma,ITI3,PN,con,H,75,3.4106666666666667,0.43,3.360927777777778,252.06958333333336
IT,Mo,ITF2,PN,con,H,75,2.8640000000000003,0.43,2.822233333333334,211.66750000000005
IT,Pi,ITC1,PN,con,H,75,3.06,0.43,3.015375,226.15312500000002
IT,Pu,ITF4,PN,con,H,75,5.788,0.42,5.57095,417.82124999999996
IT,Sa,ITG2,PN,con,H,75,2.2,0.43,2.1679166666666667,162.59375
IT,Si,ITG1,PN,con,H,75,2.348,0.43,2.313758333333333,173.53187499999996
IT,Tn,ITH2,PN,con,H,75,3.4066666666666667,0.43,3.356986111111111,251.77395833333333
IT,To,ITI1,PN,con,H,75,8.577333333333332,0.42,8.255683333333332,619.1762499999999
IT,Um,ITI2,PN,con,H,75,2.8346666666666667,0.43,2.793327777777778,209.49958333333333
IT,Va,ITC2,PN,con,H,75,1.12,0.45,1.1550000000000002,86.62500000000001
IT,Ve,ITH3,PN,con,H,75,2.94,0.43,2.897125,217.28437499999998
IT,Ab,ITF1,PP,broad,H,55,1.029090909090909,0.37,0.8725833333333333,47.992083333333326
IT,Ba,ITF5,PP,broad,H,55,2.6163636363636367,0.31,1.8587083333333334,102.22895833333334
IT,Cal,ITF6,PP,broad,H,55,7.2309090909090905,0.27,4.474125,246.076875
IT,Cam,ITF3,PP,broad,H,55,3.6763636363636363,0.3,2.5275,139.0125
IT,ER,ITH5,PP,broad,H,55,3.785454545454545,0.29,2.5157499999999993,138.36624999999995
IT,FVG,ITH4,PP,broad,H,55,3.7181818181818183,0.3,2.55625,140.59375
IT,La,ITI4,PP,broad,H,55,3.1763636363636363,0.3,2.1837499999999994,120.10624999999997
IT,Li,ITC3,PP,broad,H,55,2.2781818181818183,0.32,1.6706666666666667,91.88666666666667
IT,Lo,ITC4,PP,broad,H,45,3.486666666666667,0.31,2.476986111111111,111.464375
IT,Ma,ITI3,PP,broad,H,55,1.2181818181818183,0.36,1.0050000000000001,55.275000000000006
IT,Mo,ITF2,PP,broad,H,45,0.9022222222222223,0.4,0.8270370370370371,37.21666666666667
IT,Pi,ITC1,PP,broad,H,55,3.8836363636363633,0.29,2.581,141.95499999999998
IT,Pu,ITF4,PP,broad,H,45,3.673333333333334,0.31,2.6095972222222223,117.431875
IT,Sa,ITG2,PP,broad,H,55,2.003636363636364,0.33,1.5152500000000002,83.33875
IT,Si,ITG1,PP,broad,H,55,1.8581818181818182,0.33,1.4052499999999999,77.28875
IT,To,ITI1,PP,broad,H,55,8.012727272727272,0.26,4.774249999999999,262.58374999999995
IT,Um,ITI2,PP,broad,H,55,2.1036363636363635,0.33,1.590875,87.498125
IT,Ve,ITH3,PP,broad,H,55,5.794545454545454,0.28,3.7181666666666664,204.49916666666664
IT,AA,ITH1,PS,con,H,55,3.938181818181818,0.48,4.332,238.26
IT,Ab,ITF1,PS,con,H,55,4.463636363636364,0.48,4.91,270.05
IT,ER,ITH5,PS,con,H,55,1.4127272727272728,0.49,1.5863749999999999,87.250625
IT,FVG,ITH4,PS,con,H,55,2.2018181818181817,0.48,2.4219999999999997,133.20999999999998
IT,Li,ITC3,PS,con,H,55,2.187272727272727,0.48,2.4059999999999997,132.32999999999998
IT,Lo,ITC4,PS,con,H,55,4.321818181818181,0.48,4.754,261.46999999999997
IT,Pi,ITC1,PS,con,H,65,2.5538461538461537,0.48,2.8092307692307688,182.59999999999997
IT,Tn,ITH2,PS,con,H,55,2.418181818181818,0.48,2.6599999999999997,146.29999999999998
IT,To,ITI1,PS,con,H,55,4.332727272727273,0.48,4.766,262.13
IT,Um,ITI2,PS,con,H,55,2.7163636363636363,0.48,2.9879999999999995,164.33999999999997
IT,Ve,ITH3,PS,con,H,55,2.4927272727272727,0.48,2.7419999999999995,150.80999999999997
IT,Ab,ITF1,QC,broad,H,85,1.6058823529411765,0.69,2.539301470588235,215.840625
IT,Ba,ITF5,QC,broad,H,85,1.9741176470588238,0.69,3.121573529411765,265.33375
IT,Cal,ITF6,QC,broad,H,85,5.645882352941176,0.69,8.927551470588234,758.841875
IT,Cam,ITF3,QC,broad,H,85,3.2129411764705886,0.69,5.080463235294117,431.8393749999999
IT,ER,ITH5,QC,broad,H,85,2.2458823529411767,0.69,3.551301470588235,301.86062499999997
IT,La,ITI4,QC,broad,H,85,3.08,0.69,4.8702499999999995,413.97124999999994
IT,Li,ITC3,QC,broad,H,85,3.7341176470588233,0.69,5.904573529411764,501.88874999999996
IT,Mo,ITF2,QC,broad,H,85,1.9941176470588236,0.69,3.153198529411765,268.021875
IT,Pi,ITC1,QC,broad,H,85,3.3741176470588234,0.69,5.335323529411764,453.50249999999994
IT,Si,ITG1,QC,broad,H,85,3.3117647058823527,0.69,5.2367279411764684,445.1218749999998
IT,To,ITI1,QC,broad,H,85,2.7211764705882353,0.69,4.302860294117647,365.74312499999996
IT,Um,ITI2,QC,broad,H,85,0.8376470588235294,0.69,1.3245294117647055,112.58499999999997
IT,Ba,ITF5,QI,broad,H,55,5.005454545454546,0.69,7.914875,435.318125
IT,Cal,ITF6,QI,broad,H,55,2.432727272727273,0.69,3.8467500000000006,211.57125000000002
IT,Sa,ITG2,QI,broad,H,55,1.8272727272727274,0.69,2.8893750000000002,158.915625
IT,Si,ITG1,QI,broad,H,55,0.9745454545454546,0.7,1.5633333333333332,85.98333333333333
IT,To,ITI1,QI,broad,H,55,5.3945454545454545,0.69,8.530125,469.156875
IT,AA,ITH1,QR,broad,H,75,2.988,0.69,4.724774999999999,354.358125
IT,Ab,ITF1,QR,broad,H,75,1.5733333333333333,0.69,2.487833333333333,186.58749999999998
IT,Ba,ITF5,QR,broad,H,75,1.2173333333333334,0.69,1.924908333333333,144.36812499999996
IT,Cam,ITF3,QR,broad,H,75,1.032,0.69,1.6318499999999996,122.38874999999997
IT,FVG,ITH4,QR,broad,H,75,3.1959999999999997,0.69,5.053674999999998,379.0256249999999
IT,La,ITI4,QR,broad,H,75,0.9453333333333334,0.69,1.494808333333333,112.11062499999998
IT,Li,ITC3,QR,broad,H,75,2.2826666666666666,0.69,3.6094666666666657,270.7099999999999
IT,Lo,ITC4,QR,broad,H,75,1.972,0.69,3.1182249999999994,233.86687499999996
IT,Ma,ITI3,QR,broad,H,75,1.2186666666666668,0.69,1.9270166666666668,144.52625
IT,Mo,ITF2,QR,broad,H,75,14.533333333333333,0.69,22.98083333333333,1723.5624999999998
IT,Pi,ITC1,QR,broad,H,75,1.9173333333333336,0.69,3.0317833333333333,227.38375
IT,Pu,ITF4,QR,broad,H,75,1.8626666666666665,0.69,2.945341666666666,220.90062499999993
IT,Sa,ITG2,QR,broad,H,75,0.4573333333333333,0.71,0.7441194444444443,55.80895833333332
IT,Si,ITG1,QR,broad,H,75,2.7466666666666666,0.69,4.343166666666666,325.73749999999995
IT,Tn,ITH2,QR,broad,H,75,3.2466666666666666,0.69,5.133791666666666,385.03437499999995
IT,To,ITI1,QR,broad,H,75,0.8653333333333334,0.69,1.3683083333333332,102.62312499999999
IT,Um,ITI2,QR,broad,H,75,4.789333333333333,0.69,7.573133333333333,567.985
IT,Ve,ITH3,QR,broad,H,75,1.148,0.69,1.8152749999999995,136.14562499999997
IT,Cal,ITF6,QS,broad,H,25,2.472,0.7,3.9654999999999996,99.13749999999999
IT,Sa,ITG2,QS,broad,H,25,1.78,0.7,2.8554166666666663,71.38541666666666
IT,Si,ITG1,QS,broad,H,25,1.416,0.71,2.3039499999999995,57.59874999999999
IT,To,ITI1,QS,broad,H,25,2.36,0.7,3.7858333333333327,94.64583333333331
IT,AA,ITH1,RF,broad,H,65,1.3846153846153846,0.34,1.0788461538461538,70.125
IT,Ab,ITF1,RF,broad,H,65,2.9307692307692306,0.3,2.014903846153846,130.96875
IT,Ba,ITF5,RF,broad,H,65,3.1923076923076925,0.3,2.1947115384615383,142.65625
IT,Cal,ITF6,RF,broad,H,65,4.3076923076923075,0.28,2.764102564102564,179.66666666666666
IT,ER,ITH5,RF,broad,H,65,3.976923076923077,0.28,2.551858974358974,165.8708333333333
IT,La,ITI4,RF,broad,H,65,3.193846153846154,0.3,2.1957692307692307,142.725
IT,Li,ITC3,RF,broad,H,65,4.747692307692308,0.28,3.046435897435898,198.01833333333335
IT,Pi,ITC1,RF,broad,H,65,3.8107692307692305,0.29,2.5325737179487176,164.61729166666663
IT,To,ITI1,RF,broad,H,65,6.606153846153846,0.26,3.936166666666667,255.85083333333336
IT,Ve,ITH3,RF,broad,H,65,4.578461538461539,0.28,2.937846153846155,190.96000000000006
LT,?,NUTS0,AG,broad,H,75,3.894666666666667,0.48,4.284133333333334,321.31000000000006
LT,?,NUTS0,AI,broad,H,45,4.142222222222222,0.48,4.556444444444444,205.03999999999996
LT,?,NUTS0,BT,broad,H,75,3.574666666666667,0.55,4.505569444444445,337.9177083333334
LT,?,NUTS0,OB,broad,H,95,2.5305263157894737,0.51,2.9575526315789475,280.96750000000003
LT,?,NUTS0,PA,con,H,85,3.9411764705882355,0.44,3.9740196078431373,337.7916666666667
LT,?,NUTS0,PS,con,H,95,3.649473684210526,0.45,3.7635197368421047,357.53437499999995
LT,?,NUTS0,PT,broad,H,65,5.124615384615385,0.36,4.227807692307692,274.8075
LT,?,NUTS0,QR,broad,H,95,2.8694736842105266,0.5,3.2879385964912284,312.3541666666667
LU,LU00,LU00,DF,con,H,35,7.797142857142856,0.45,8.04080357142857,281.42812499999997
LU,LU00,LU00,FS,broad,H,75,2.468,0.6,3.3935,254.5125
LU,LU00,LU00,OB,broad,H,95,1.0357894736842106,0.4,0.9494736842105265,90.20000000000002
LU,LU00,LU00,OC,con,H,35,3.525714285714286,0.47,3.797488095238095,132.91208333333333
LU,LU00,LU00,PA,con,H,35,7.0771428571428565,0.43,6.973934523809523,244.0877083333333
LU,LU00,LU00,QR,broad,H,95,1.436842105263158,0.66,2.173223684210526,206.45624999999998
LV,?,NUTS0,AG,broad,H,85,3.3411764705882354,0.48,3.675294117647059,312.4
LV,?,NUTS0,AI,broad,H,65,3.5353846153846153,0.48,3.8889230769230765,252.77999999999997
LV,?,NUTS0,BT,broad,H,95,2.6789473684210527,0.49,3.0082346491228074,285.7822916666667
LV,?,NUTS0,OB,broad,H,95,3.0052631578947366,0.45,3.099177631578947,294.42187499999994
LV,?,NUTS0,PA,con,H,95,3.182105263157895,0.44,3.2086228070175444,304.8191666666667
LV,?,NUTS0,PS,con,H,95,2.991578947368421,0.43,2.9479517543859646,280.05541666666664
LV,?,NUTS0,PT,broad,H,75,5.516,0.36,4.5507,341.3025
LV,?,NUTS0,QR,broad,H,95,2.502105263157895,0.45,2.5802960526315792,245.12812500000004
NL,NL00,NL00,BT,broad,H,25,2.472,0.56,3.1724,79.31
NL,NL00,NL00,DF,con,H,55,4.674545454545455,0.47,5.0348749999999995,276.918125
NL,NL00,NL00,FS,broad,H,85,3.131764705882353,0.62,4.4497156862745095,378.2258333333333
NL,NL00,NL00,LD,con,H,55,3.9363636363636365,0.45,4.059375,223.265625
NL,NL00,NL00,OB,broad,H,25,4.552,0.56,5.841733333333333,146.04333333333332
NL,NL00,NL00,OC,con,H,65,4.163076923076924,0.45,4.293173076923077,279.05625000000003
NL,NL00,NL00,OP,con,H,25,6.68,0.45,6.888749999999999,172.21874999999997
NL,NL00,NL00,PA,con,H,75,3.2359999999999998,0.42,3.1146499999999993,233.59874999999994
NL,NL00,NL00,PN,con,H,85,2.92,0.45,3.0112499999999995,255.95624999999995
NL,NL00,NL00,PP,broad,H,55,4.283636363636363,0.51,5.006499999999999,275.35749999999996
NL,NL00,NL00,PS,con,H,85,2.0670588235294116,0.45,2.1316544117647056,181.19062499999998
NL,NL00,NL00,QP,broad,H,95,2.4610526315789474,0.57,3.2147499999999996,305.40124999999995
NL,NL00,NL00,QR,broad,H,75,2.74,0.57,3.5791250000000003,268.43437500000005
PL,BT,BT,AG,broad,H,65,5.4569230769230765,0.36,4.501961538461538,292.6275
PL,CP,CP,AG,broad,H,95,2.4368421052631577,0.37,2.066239035087719,196.29270833333328
PL,MP,MP,AG,broad,H,75,4.034666666666667,0.36,3.3286000000000007,249.64500000000004
PL,MS,MS,AG,broad,H,75,4.354666666666667,0.36,3.5925999999999996,269.445
PL,MZ,MZ,AG,broad,H,65,4.975384615384615,0.36,4.104692307692307,266.80499999999995
PL,SD,SD,AG,broad,H,75,5.114666666666667,0.36,4.219600000000001,316.47
PL,SL,SL,AG,broad,H,65,4.7846153846153845,0.36,3.9473076923076915,256.57499999999993
PL,WP,WP,AG,broad,H,65,4.690769230769231,0.36,3.869884615384615,251.5425
PL,BT,BT,BT,broad,H,75,3.990666666666667,0.45,4.115375,308.65312500000005
PL,CP,CP,BT,broad,H,95,2.6473684210526316,0.46,2.790767543859649,265.12291666666664
PL,MP,MP,BT,broad,H,75,3.1146666666666665,0.46,3.283377777777777,246.25333333333327
PL,MS,MS,BT,broad,H,75,3.648,0.46,3.8456,288.42
PL,MZ,MZ,BT,broad,H,75,3.1893333333333334,0.46,3.3620888888888887,252.15666666666664
PL,SD,SD,BT,broad,H,75,2.8773333333333335,0.47,3.0991277777777775,232.4345833333333
PL,SL,SL,BT,broad,H,65,3.3707692307692305,0.47,3.630599358974358,235.98895833333327
PL,WP,WP,BT,broad,H,65,2.693846153846154,0.47,2.9014967948717945,188.59729166666665
PL,BT,BT,FS,broad,H,75,3.9386666666666663,0.6,5.415666666666665,406.17499999999984
PL,CP,CP,FS,broad,H,95,4.488421052631579,0.57,5.8629999999999995,556.9849999999999
PL,MP,MP,FS,broad,H,75,3.986666666666667,0.59,5.390305555555555,404.2729166666666
PL,MS,MS,FS,broad,H,85,5.261176470588235,0.57,6.87241176470588,584.1549999999999
PL,MZ,MZ,FS,broad,H,65,1.763076923076923,0.67,2.7070576923076923,175.95875
PL,SD,SD,FS,broad,H,75,5.425333333333333,0.57,7.086841666666665,531.5131249999998
PL,SL,SL,FS,broad,H,65,3.9784615384615387,0.6,5.470384615384615,355.575
PL,WP,WP,FS,broad,H,65,3.9953846153846153,0.6,5.493653846153847,357.08750000000003
PL,BT,BT,OB,broad,H,65,4.686153846153847,0.36,3.866076923076923,251.295
PL,CP,CP,OB,broad,H,95,3.453684210526316,0.36,2.84928947368421,270.68249999999995
PL,MP,MP,OB,broad,H,75,3.6,0.36,2.9699999999999998,222.74999999999997
PL,MS,MS,OB,broad,H,85,2.583529411764706,0.37,2.1906176470588234,186.2025
PL,MZ,MZ,OB,broad,H,65,4.096923076923077,0.37,3.473849358974359,225.80020833333333
PL,SD,SD,OB,broad,H,85,4.0600000000000005,0.36,3.3495000000000004,284.70750000000004
PL,SL,SL,OB,broad,H,75,3.9319999999999995,0.36,3.243899999999999,243.29249999999993
PL,WP,WP,OB,broad,H,65,4.610769230769231,0.36,3.8038846153846153,247.2525
PL,BT,BT,OC,con,H,65,6.195384615384615,0.44,6.247012820512819,406.0558333333332
PL,CP,CP,OC,con,H,95,4.74,0.44,4.7795,454.05249999999995
PL,MP,MP,OC,con,H,75,4.034666666666667,0.45,4.160750000000001,312.0562500000001
PL,MS,MS,OC,con,H,75,3.8733333333333335,0.45,3.994375,299.578125
PL,MZ,MZ,OC,con,H,65,3.46,0.46,3.647416666666667,237.08208333333334
PL,SD,SD,OC,con,H,85,5.114117647058824,0.44,5.156735294117647,438.3225
PL,SL,SL,OC,con,H,65,4.413846153846153,0.45,4.551778846153845,295.86562499999997
PL,WP,WP,OC,con,H,65,3.149230769230769,0.46,3.3198141025641026,215.78791666666666
PL,BT,BT,PA,con,H,65,5.836923076923076,0.44,5.885564102564103,382.56166666666667
PL,CP,CP,PA,con,H,95,3.677894736842105,0.44,3.7085438596491223,352.3116666666666
PL,MP,MP,PA,con,H,75,2.6493333333333333,0.44,2.671411111111111,200.35583333333332
PL,MS,MS,PA,con,H,75,4.565333333333333,0.44,4.603377777777777,345.2533333333333
PL,MZ,MZ,PA,con,H,65,4.176923076923077,0.44,4.211730769230769,273.7625
PL,SD,SD,PA,con,H,85,4.729411764705882,0.43,4.660441176470588,396.1375
PL,SL,SL,PA,con,H,65,4.7846153846153845,0.44,4.824487179487178,313.5916666666666
PL,WP,WP,PA,con,H,65,4.224615384615385,0.44,4.259820512820513,276.8883333333333
PL,BT,BT,PS,con,H,85,4.225882352941176,0.34,3.2926666666666664,279.87666666666667
PL,CP,CP,PS,con,H,95,4.752631578947368,0.33,3.5941776315789475,341.44687500000003
PL,MP,MP,PS,con,H,75,3.986666666666667,0.35,3.1976388888888883,239.82291666666663
PL,MS,MS,PS,con,H,85,4.303529411764706,0.34,3.3531666666666666,285.01916666666665
PL,MZ,MZ,PS,con,H,75,3.9040000000000004,0.35,3.131333333333333,234.85
PL,SD,SD,PS,con,H,65,3.9661538461538464,0.36,3.272076923076923,212.685
PL,SL,SL,PS,con,H,75,4.1626666666666665,0.35,3.338805555555555,250.41041666666663
PL,WP,WP,PS,con,H,65,4.270769230769231,0.36,3.523384615384615,229.01999999999998
PL,BT,BT,QR,broad,H,65,4.359999999999999,0.6,5.994999999999999,389.67499999999995
PL,CP,CP,QR,broad,H,95,3.7747368421052636,0.58,5.017254385964913,476.6391666666667
PL,MP,MP,QR,broad,H,75,3.721333333333334,0.6,5.116833333333334,383.76250000000005
PL,MS,MS,QR,broad,H,75,3.3026666666666666,0.61,4.616852777777777,346.2639583333333
PL,MZ,MZ,QR,broad,H,65,3.6569230769230767,0.61,5.112073717948718,332.28479166666665
PL,SD,SD,QR,broad,H,85,4.444705882352942,0.58,5.907754901960784,502.15916666666664
PL,SL,SL,QR,broad,H,75,3.9426666666666663,0.59,5.330813888888888,399.8110416666666
PL,WP,WP,QR,broad,H,75,3.856,0.6,5.301999999999999,397.6499999999999
PT,PT11,PT11,PM,con,H,95,1.8810526315789473,0.5,2.1553728070175437,204.76041666666666
PT,PT15,PT15,PM,con,H,95,1.8810526315789473,0.5,2.1553728070175437,204.76041666666666
PT,PT16,PT16,PM,con,H,95,1.8810526315789473,0.5,2.1553728070175437,204.76041666666666
PT,PT17,PT17,PM,con,H,95,1.8810526315789473,0.5,2.1553728070175437,204.76041666666666
PT,PT18,PT18,PM,con,H,95,1.8810526315789473,0.5,2.1553728070175437,204.76041666666666
PT,PT11,PT11,PP,con,H,95,1.8810526315789473,0.5,2.1553728070175437,204.76041666666666
PT,PT15,PT15,PP,con,H,95,1.8810526315789473,0.5,2.1553728070175437,204.76041666666666
PT,PT16,PT16,PP,con,H,95,1.8810526315789473,0.5,2.1553728070175437,204.76041666666666
PT,PT17,PT17,PP,con,H,95,1.8810526315789473,0.5,2.1553728070175437,204.76041666666666
PT,PT18,PT18,PP,con,H,95,1.8810526315789473,0.5,2.1553728070175437,204.76041666666666
RO,RO11,RO11,AA,con,H,95,4.5884210526315785,0.4,4.206052631578947,399.575
RO,RO12,RO12,AA,con,H,95,4.5884210526315785,0.4,4.206052631578947,399.575
RO,RO21,RO21,AA,con,H,95,4.5884210526315785,0.4,4.206052631578947,399.575
RO,RO22,RO22,AA,con,H,95,4.5884210526315785,0.4,4.206052631578947,399.575
RO,RO31,RO31,AA,con,H,95,4.5884210526315785,0.4,4.206052631578947,399.575
RO,RO41,RO41,AA,con,H,95,4.5884210526315785,0.4,4.206052631578947,399.575
RO,RO11,RO11,ConBroad,con,H,95,2.8926315789473684,0.52,3.4470526315789476,327.47
RO,RO12,RO12,ConBroad,con,H,95,3.2063157894736842,0.52,3.820859649122807,362.9816666666667
RO,RO21,RO21,ConBroad,con,H,95,3.7305263157894735,0.52,4.445543859649122,422.3266666666666
RO,RO22,RO22,ConBroad,con,H,95,3.5389473684210526,0.52,4.217245614035088,400.6383333333333
RO,RO31,RO31,ConBroad,con,H,95,3.3526315789473684,0.52,3.995219298245614,379.54583333333335
RO,RO41,RO41,ConBroad,con,H,95,4.071578947368421,0.52,4.851964912280701,460.9366666666666
RO,RO42,RO42,ConBroad,con,H,95,4.272631578947368,0.52,5.091552631578947,483.6975
RO,RO11,RO11,FS,broad,H,95,2.417894736842105,0.64,3.5462456140350875,336.8933333333333
RO,RO12,RO12,FS,broad,H,95,2.778947368421053,0.64,4.075789473684211,387.20000000000005
RO,RO21,RO21,FS,broad,H,95,2.5873684210526315,0.64,3.7948070175438597,360.50666666666666
RO,RO22,RO22,FS,broad,H,85,2.601176470588235,0.64,3.8150588235294114,324.28
RO,RO31,RO31,FS,broad,H,95,2.486315789473684,0.64,3.6465964912280695,346.4266666666666
RO,RO41,RO41,FS,broad,H,95,2.9378947368421056,0.64,4.308912280701755,409.3466666666667
RO,RO42,RO42,FS,broad,H,95,2.9494736842105262,0.64,4.3258947368421055,410.96000000000004
RO,RO11,RO11,OB,broad,H,95,1.8105263157894738,0.6,2.4894736842105263,236.5
RO,RO12,RO12,OB,broad,H,95,1.991578947368421,0.6,2.738421052631579,260.15
RO,RO21,RO21,OB,broad,H,95,2.1021052631578945,0.6,2.8903947368421044,274.5874999999999
RO,RO22,RO22,OB,broad,H,95,1.8905263157894736,0.6,2.599473684210526,246.95
RO,RO31,RO31,OB,broad,H,95,1.8263157894736841,0.6,2.5111842105263156,238.56249999999997
RO,RO32,RO32,OB,broad,H,95,1.9968421052631578,0.6,2.7456578947368415,260.8374999999999
RO,RO41,RO41,OB,broad,H,95,1.9557894736842107,0.6,2.6892105263157893,255.475
RO,RO42,RO42,OB,broad,H,95,2.2621052631578946,0.6,3.110394736842105,295.48749999999995
RO,RO11,RO11,OC,con,H,95,2.995789473684211,0.4,2.7461403508771935,260.8833333333334
RO,RO12,RO12,OC,con,H,95,3.7842105263157895,0.4,3.468859649122807,329.5416666666667
RO,RO21,RO21,OC,con,H,95,4.028421052631579,0.4,3.6927192982456134,350.8083333333333
RO,RO22,RO22,OC,con,H,95,3.666315789473684,0.4,3.3607894736842105,319.275
RO,RO31,RO31,OC,con,H,95,3.444210526315789,0.4,3.15719298245614,299.93333333333334
RO,RO32,RO32,OC,con,H,95,3.666315789473684,0.4,3.3607894736842105,319.275
RO,RO41,RO41,OC,con,H,95,4.6968421052631575,0.4,4.305438596491228,409.01666666666665
RO,RO42,RO42,OC,con,H,95,3.944210526315789,0.4,3.6155263157894737,343.475
RO,RO11,RO11,PA,con,H,95,2.526315789473684,0.4,2.3157894736842106,220.0
RO,RO12,RO12,PA,con,H,95,3.234736842105263,0.4,2.965175438596491,281.69166666666666
RO,RO21,RO21,PA,con,H,95,3.6168421052631583,0.4,3.3154385964912283,314.9666666666667
RO,RO22,RO22,PA,con,H,95,3.388421052631579,0.4,3.1060526315789474,295.075
RO,RO31,RO31,PA,con,H,95,3.995789473684211,0.4,3.6628070175438596,347.96666666666664
RO,RO41,RO41,PA,con,H,95,3.277894736842105,0.4,3.0047368421052627,285.44999999999993
RO,RO42,RO42,PA,con,H,95,3.491578947368421,0.4,3.2006140350877192,304.05833333333334
RO,RO11,RO11,PredBroad,broad,H,95,2.488421052631579,0.58,3.3075263157894734,314.215
RO,RO12,RO12,PredBroad,broad,H,95,2.890526315789474,0.58,3.841991228070176,364.9891666666667
RO,RO21,RO21,PredBroad,broad,H,95,2.9357894736842103,0.58,3.902153508771929,370.70458333333323
RO,RO22,RO22,PredBroad,broad,H,95,3.027368421052632,0.58,4.023877192982456,382.2683333333334
RO,RO31,RO31,PredBroad,broad,H,95,2.588421052631579,0.58,3.44044298245614,326.8420833333333
RO,RO32,RO32,PredBroad,broad,H,95,2.6694736842105264,0.58,3.5481754385964908,337.0766666666666
RO,RO41,RO41,PredBroad,broad,H,95,2.7157894736842105,0.58,3.6097368421052627,342.92499999999995
RO,RO42,RO42,PredBroad,broad,H,95,3.0505263157894738,0.58,4.054657894736842,385.19249999999994
RO,RO11,RO11,PredCon,con,H,95,2.944210526315789,0.46,3.1036885964912275,294.8504166666666
RO,RO12,RO12,PredCon,con,H,95,3.6210526315789475,0.46,3.81719298245614,362.63333333333327
RO,RO21,RO21,PredCon,con,H,95,4.310526315789474,0.46,4.544013157894737,431.68125000000003
RO,RO22,RO22,PredCon,con,H,95,4.03578947368421,0.46,4.254394736842105,404.16749999999996
RO,RO31,RO31,PredCon,con,H,95,3.8,0.46,4.005833333333333,380.5541666666667
RO,RO41,RO41,PredCon,con,H,95,2.9610526315789474,0.46,3.12144298245614,296.5370833333333
RO,RO42,RO42,PredCon,con,H,95,3.845263157894737,0.46,4.053548245614035,385.08708333333334
RO,RO11,RO11,QR,broad,H,95,1.9294736842105265,0.65,2.874111842105263,273.040625
RO,RO12,RO12,QR,broad,H,85,1.8658823529411763,0.65,2.7793872549019607,236.24791666666667
RO,RO21,RO21,QR,broad,H,95,1.6357894736842107,0.65,2.4366447368421054,231.48125000000002
RO,RO22,RO22,QR,broad,H,45,2.6333333333333333,0.65,3.922569444444444,176.51562499999997
RO,RO31,RO31,QR,broad,H,95,1.5905263157894736,0.65,2.3692214912280702,225.07604166666667
RO,RO32,RO32,QR,broad,H,95,2.128421052631579,0.65,3.17046052631579,301.19375
RO,RO41,RO41,QR,broad,H,95,1.456842105263158,0.65,2.1700877192982455,206.15833333333333
RO,RO42,RO42,QR,broad,H,95,2.174736842105263,0.65,3.2394517543859647,307.74791666666664
SE,SE11,SE11,BT,broad,H,85,3.172941176470588,0.51,3.7083749999999998,315.21187499999996
SE,SE12,SE12,BT,broad,H,85,2.901176470588235,0.51,3.3907499999999997,288.21374999999995
SE,SE21,SE21,BT,broad,H,75,2.7266666666666666,0.51,3.1867916666666667,239.009375
SE,SE22,SE22,BT,broad,H,65,3.4384615384615387,0.51,4.018701923076923,261.21562500000005
SE,SE23,SE23,BT,broad,H,65,3.3830769230769233,0.51,3.953971153846154,257.008125
SE,SE31,SE31,BT,broad,H,85,2.3811764705882354,0.51,2.7830000000000004,236.55500000000004
SE,SE32,SE32,BT,broad,H,85,1.9752941176470589,0.51,2.308625,196.233125
SE,SE33,SE33,BT,broad,H,95,1.2947368421052632,0.52,1.5428947368421053,146.57500000000002
SE,SE11,SE11,OB,broad,H,85,2.7694117647058825,0.48,3.0463529411764707,258.94
SE,SE12,SE12,OB,broad,H,85,2.968235294117647,0.48,3.2650588235294116,277.53
SE,SE21,SE21,OB,broad,H,85,2.274117647058824,0.48,2.5015294117647056,212.62999999999997
SE,SE22,SE22,OB,broad,H,65,3.2784615384615385,0.48,3.606307692307692,234.41
SE,SE23,SE23,OB,broad,H,65,3.286153846153846,0.48,3.6147692307692303,234.95999999999998
SE,SE31,SE31,OB,broad,H,85,2.3811764705882354,0.48,2.6192941176470583,222.63999999999996
SE,SE32,SE32,OB,broad,H,85,1.9752941176470589,0.48,2.172823529411765,184.69
SE,SE33,SE33,OB,broad,H,95,1.2947368421052632,0.48,1.4242105263157896,135.3
SE,SE11,SE11,PA,con,H,85,3.0211764705882356,0.43,2.977117647058824,253.05500000000004
SE,SE12,SE12,PA,con,H,85,3.627058823529412,0.43,3.5741642156862747,303.80395833333336
SE,SE21,SE21,PA,con,H,75,3.6466666666666665,0.43,3.5934861111111105,269.5114583333333
SE,SE22,SE22,PA,con,H,65,5.603076923076923,0.43,5.521365384615384,358.88874999999996
SE,SE23,SE23,PA,con,H,65,4.246153846153846,0.43,4.184230769230769,271.975
SE,SE31,SE31,PA,con,H,85,3.191764705882353,0.43,3.1452181372549015,267.3435416666666
SE,SE32,SE32,PA,con,H,85,2.3588235294117648,0.44,2.3784803921568627,202.17083333333332
SE,SE33,SE33,PA,con,H,95,1.4631578947368422,0.44,1.4753508771929824,140.15833333333333
SE,SE11,SE11,PS,con,H,85,2.6682352941176473,0.45,2.751617647058824,233.88750000000002
SE,SE12,SE12,PS,con,H,85,2.42,0.45,2.495625,212.128125
SE,SE21,SE21,PS,con,H,75,2.4346666666666668,0.45,2.51075,188.30624999999998
SE,SE22,SE22,PS,con,H,65,2.8707692307692305,0.45,2.9604807692307693,192.43125
SE,SE23,SE23,PS,con,H,65,2.686153846153846,0.45,2.7700961538461537,180.05624999999998
SE,SE31,SE31,PS,con,H,85,1.9352941176470588,0.45,1.9957720588235293,169.640625
SE,SE32,SE32,PS,con,H,85,1.7705882352941176,0.45,1.8259191176470588,155.203125
SE,SE33,SE33,PS,con,H,95,1.2610526315789474,0.45,1.3004605263157896,123.54375
SI,?,NUTS0,FS,broad,H,95,2.8115789473684214,0.45,2.8994407894736844,275.44687500000003
SI,?,NUTS0,MFb,broad,H,95,3.504210526315789,0.43,3.4531074561403505,328.0452083333333
SI,?,NUTS0,MFc,con,H,95,3.504210526315789,0.42,3.3728026315789466,320.41624999999993
SI,?,NUTS0,OB,broad,H,95,2.8115789473684214,0.45,2.8994407894736844,275.44687500000003
SI,?,NUTS0,PA,con,H,95,3.5199999999999996,0.42,3.3879999999999995,321.85999999999996
SI,?,NUTS0,QPb,broad,H,95,3.504210526315789,0.43,3.4531074561403505,328.0452083333333
SI,?,NUTS0,QPc,con,H,95,3.504210526315789,0.42,3.3728026315789466,320.41624999999993
SI,?,NUTS0,QR,broad,H,95,2.8115789473684214,0.45,2.8994407894736844,275.44687500000003
SK,?,NUTS0,AA,con,H,85,4.984705882352941,0.36,4.112382352941176,349.55249999999995
SK,?,NUTS0,FS,broad,H,95,3.8115789473684214,0.64,5.590315789473684,531.08
SK,?,NUTS0,OB,broad,H,95,2.8810526315789473,0.44,2.905061403508772,275.98083333333335
SK,?,NUTS0,OC,con,H,75,4.536,0.43,4.469849999999999,335.2387499999999
SK,?,NUTS0,PA,con,H,75,5.754666666666667,0.42,5.538866666666666,415.41499999999996
SK,?,NUTS0,PS,con,H,75,3.9080000000000004,0.41,3.6718916666666668,275.391875
SK,?,NUTS0,QR,broad,H,75,3.0373333333333337,0.58,4.037122222222222,302.78416666666664
