NUTS_ID,Jan,Feb,Mar,Apr,May,Jun,Jul,Aug,Sep,Oct,Nov,Dec
FR24,0.014886871018344995,0.02399300392488496,0.06935437462636322,0.1386194150895618,0.1948995860255633,0.16969099062891038,0.135844074450129,0.1045131106523808,0.06938345315408344,0.041623025313185104,0.022407108900807902,0.014784986215785119
FR62,0.015494320049376183,0.024640392222562205,0.061013340261920575,0.11458635792024147,0.1641188714156792,0.17283646016274487,0.1542286487635839,0.1226534740960816,0.08231337620962297,0.048616172700138294,0.024472133702203244,0.015026452495845525
FRA5,0.05360931372008682,0.08103787600948105,0.12127128599646665,0.12438842794698524,0.10934110250375724,0.0898743179654266,0.08001620360303083,0.07816564091029445,0.07201541059629217,0.06954795240207268,0.06559728086755187,0.0551351874785544
ITF3,0.023376095347251654,0.0319907184376064,0.06533837584866864,0.11853375565325457,0.17479452803977957,0.162331926473098,0.1301703429742823,0.10074851056310234,0.07974382154064664,0.056274502443647824,0.03411932328592488,0.022578099392737194
ITF4,0.03687947475495991,0.05789382703099996,0.11464598613487682,0.15938562872892825,0.15080368781993803,0.11443912968900254,0.09280341997007678,0.07573601748992012,0.06403506949780206,0.054667752034500625,0.04333497207676319,0.0353750347722317
FR25,0.017899621461386076,0.028487481814686196,0.06956846261010576,0.12068418320084924,0.1587799149744673,0.1607640192228655,0.14728837314410356,0.1180769405613657,0.08591213865700283,0.04881445508132077,0.026943473119709214,0.01678093615213785
ITF6,0.035396369376603516,0.04478596292909883,0.07049527141498692,0.10403800473417742,0.14016356326439866,0.14651330518518524,0.12559354751917015,0.09976279812261668,0.08504003323786627,0.06653898484415638,0.047405477974770426,0.034266681396969485
ITH1,0.005341710163582321,0.006112178253764514,0.025229953495948063,0.06713505360281327,0.1427549164710369,0.19890885208869485,0.211797358870289,0.17042994356222932,0.10834710731966939,0.04744977616232708,0.012343144785932651,0.004150005223712625
FR63,0.014081756450005839,0.023557517276395833,0.05936006779581185,0.10957731765169738,0.16011204438659393,0.16777234054363946,0.1592101045821102,0.12793189571545635,0.08921854340299173,0.051073215364242856,0.024258254531870617,0.013846942299183939
FR72,0.011384525079872577,0.019444745821608444,0.05698083609233477,0.10962537496762254,0.16100667100382282,0.17321984595577403,0.15859726687206763,0.1315171111208728,0.09126143823275443,0.05159583101198884,0.023452922422015944,0.011913431419265154
ITH2,0.0029121275834998947,0.003873023669993607,0.02051269795034303,0.057671866280047376,0.14191911642790608,0.20826161507339677,0.2215788067935497,0.17654731756632677,0.10716679572895416,0.04511049962937449,0.010701257513228616,0.0037448757833795257
ITH3,0.008971457296430438,0.012610810138976301,0.03575847920487647,0.08323296644990685,0.14761600552146203,0.2046454153137534,0.20542783756874805,0.1505424620534645,0.0844436756868312,0.04056328931008319,0.017234526758203802,0.00895307469726377
LT00,0.0002798033587058276,0.0005546282652819136,0.01155807135856392,0.060630855065025156,0.18568654805424867,0.2573243438537599,0.22546929564462478,0.1519710222132063,0.0754343677332943,0.023062105591748257,0.007445057135918996,0.0005839017256219572
ITG1,0.050373088486968635,0.0774706776031006,0.13185839293028778,0.16690554377680356,0.14651024919933103,0.09882101596134868,0.07137075007826858,0.05422110120906208,0.05079668185225186,0.05340912505242328,0.05324815823002113,0.045015215620132776
FR71,0.011078331274883087,0.016761917609146627,0.0440535850821409,0.09679631699567981,0.15381259751619544,0.1844131413708366,0.1767086005650539,0.14062789016152427,0.09503630376891158,0.04907320644005269,0.020578370818645313,0.011059738396929772
ITH4,0.006852714068997661,0.009717695865761572,0.025145882890128972,0.07654662076091778,0.16494578491950487,0.2072688460540787,0.20294476120213262,0.15640809428961747,0.08970438428597005,0.03899152691738843,0.014451390440672564,0.00702229830482931
ITH5,0.011371785501236768,0.017529611443936024,0.05231285550231483,0.11536979167779635,0.1796023334977315,0.19373264366169254,0.1596105366403215,0.11408924468334253,0.07905341571014685,0.04358686000796227,0.021928882045253846,0.011812039628265004
LU00,0.010139504971579743,0.015039997478901506,0.0465212111012144,0.11040662934802471,0.16867222564809534,0.18573310769773482,0.16696946268511048,0.13886781011931038,0.08671989838451717,0.043584291641108455,0.017770650060017018,0.009575210864385989
LV00,0.0007308071435018325,0.0011659519222873389,0.009151051591913331,0.054318150582909744,0.17525680550695652,0.2534623859016623,0.23593406412445367,0.16298175763381462,0.07830048358178462,0.02122185122027698,0.00642724421932604,0.0010494465711129754
ITG2,0.04267868330777229,0.06619898082785575,0.10960104424822224,0.14924804810628106,0.15138100140697153,0.11374753065707312,0.08751739083584092,0.07002508297074676,0.061099011489760546,0.05677529367589124,0.050077261593891684,0.04165067087969285
NL33,0.01355351121021909,0.015776064439489246,0.038354814735996265,0.09301756658835676,0.14589529500444443,0.19897040877022262,0.1806580572909151,0.14026965545994333,0.08966957732096688,0.04734758153224947,0.022907725270493826,0.013579742376702971
FR81,0.02045797705024323,0.029679697092287263,0.05757636588613813,0.10551542398302309,0.15553403876905286,0.16929789980859677,0.14884634430424604,0.11771825873927078,0.08680599240943744,0.05657084102241981,0.03182290374218634,0.020174257193098243
ITI1,0.02129348351659155,0.030031168862710796,0.057819841089589,0.11159903594215886,0.16870273028599064,0.1665727346850505,0.1396036847384219,0.10998773950439356,0.08432311335856568,0.056488222696928866,0.03257587917782488,0.02100236614177379
ITI2,0.017555702988399972,0.025039043032461298,0.055924719983430925,0.11508064857467999,0.17607996400028936,0.17049567862871234,0.13958357741223595,0.11630470867269134,0.0841265039856042,0.05368301677808272,0.028766580822286253,0.017359855121125665
ME00,0.003572007156853376,0.005174916527742561,0.018649002447731766,0.0658749033820339,0.17899575969035786,0.23542101834849335,0.20380325369866403,0.1453422395217946,0.08654802167394529,0.039461346174432296,0.013183811554070607,0.003973719823880339
MK00,0.005883233523662285,0.01012190008868163,0.0314801372313774,0.09715823478044378,0.20124365252055262,0.21927059497229956,0.17711357818308276,0.1261355955638149,0.07444339432795662,0.03578117857764916,0.015342286986840866,0.006026213243638407
MT00,0.08097310390724423,0.11042369039542957,0.13031446865744814,0.10955201941288045,0.0886755842178243,0.082166177579231,0.07134934412940007,0.059828771614644956,0.05467678280266292,0.06494951321276943,0.07400873135877839,0.07308181271168651
NL11,0.010997205713571935,0.01516450888266701,0.03998465502716956,0.09950745807850725,0.14433932706985167,0.19370521750771555,0.18822452002612117,0.1485393143107342,0.08778450914102567,0.04185123251897749,0.019255235368069414,0.010646816355589088
NL34,0.012906350716200202,0.016508972934643477,0.045426494800063055,0.10271542907568885,0.14282411810451348,0.18988647947649645,0.17871223985443868,0.14174810058370152,0.08986792529333634,0.04513253805030434,0.021568929812316378,0.012702421298297241
NL41,0.013167164136015352,0.017398681111121396,0.0455652809927708,0.10341154016914073,0.14084930965392184,0.1812260677975901,0.1782451898695946,0.15014554639532487,0.0902684133072013,0.04590050483531523,0.02183127602344754,0.011991025708556279
NL42,0.011633998321400513,0.016202335751251698,0.04292277500824633,0.09566876361356184,0.1375570333722854,0.18673195306746973,0.1865884403434995,0.1573086840756509,0.09143779913824766,0.043624054780979166,0.019975492700778412,0.010348669826628817
NO01,0.0,0.0009802938891311321,0.013150419077803354,0.06666026265130433,0.15870235164235819,0.25173825874181394,0.23399364002636378,0.15437839614644588,0.08489557126331909,0.028776469027176232,0.006724337534284086,0.0
FR82,0.02144784706885913,0.030136742773666115,0.051162716520558954,0.09511059690064187,0.1516726213452431,0.17729952401689555,0.15522516358183275,0.1185077455205447,0.08908814348164587,0.05590822201776122,0.033017102565621806,0.021423574206728954
ITI3,0.016682569978225405,0.02408766051491962,0.05939071510701953,0.12091140220849221,0.1842640210400959,0.1797859361893777,0.14449588461638435,0.11086231491814834,0.07482471226737515,0.043401036098901016,0.024930890099611285,0.0163628569614495
ITI4,0.023835159428218653,0.03406674487573114,0.06735154682590398,0.11925747553960708,0.16589716613256264,0.15969826419288585,0.13137801631716753,0.10389883451500304,0.07899111376308506,0.05720432235827548,0.035636131791287474,0.022785224260272057
LI00,0.003390874696473742,0.005288036117600167,0.03259078790094097,0.08888108089614125,0.1508009742691813,0.18895876518826518,0.1939245034640699,0.15790563107770664,0.10557746750511289,0.05227865616516824,0.01673848345296532,0.0036647392663744323
NL12,0.013808831380692086,0.019703606639755653,0.05500122860831095,0.11144570120675643,0.1380684743311383,0.16642661021975522,0.16579725548804874,0.14284213652886216,0.0971314690756504,0.05198566576210781,0.024708953444056353,0.013080067314865895
NL13,0.010302918903326843,0.015211609129708814,0.04075706237587301,0.09598328498809645,0.1368903208658598,0.18943132025595913,0.1919475109475438,0.15858513561132914,0.09082205570659463,0.04203573205390037,0.018567812657964814,0.00946523650384317
NL21,0.010347727098585854,0.015430252120830582,0.04794320949943648,0.10699663099254036,0.13727254443022327,0.17920192596224024,0.18291552799576224,0.1557530916930563,0.09124413200762943,0.04391592305375626,0.019673645002650172,0.009305390143288827
NL22,0.011556335177490785,0.01598881049009346,0.04457372715541931,0.1030214144165184,0.14000299507764946,0.18384672762093385,0.18025159201761792,0.1535145371319909,0.09116240622816571,0.045341097134293046,0.020225896088136606,0.010514461461690565
NL23,0.010785390659123284,0.014737512351515035,0.04150023587080966,0.09727724091549601,0.12915986637911375,0.18892955758349927,0.1886246117517805,0.1558973242299509,0.09353153565377081,0.04876916069597423,0.02046270454857003,0.010324859360396507
NL31,0.012052041824947993,0.01643141861096415,0.043585034124748304,0.102475511933147,0.1416568952244977,0.1803818266942066,0.17976898495908428,0.15202894150571872,0.09174468458870703,0.04722418680460194,0.0213296616257187,0.011320812103657612
NL32,0.01372878177939419,0.018550700819773523,0.049428816200018925,0.10862875935646613,0.1393559295932982,0.1728731598771743,0.16855187148816705,0.1446234188664389,0.09561311291911694,0.05094751651392544,0.024573502818006767,0.0131244297682196
FR83,0.0368281116509429,0.051236130589561564,0.0763800207733811,0.10345452983193051,0.13254540894267894,0.13977742808791596,0.118351827332205,0.10024588783935028,0.08533549606301488,0.0676916667359073,0.05141225503589848,0.036741237117213076
FRA1,0.01929512458538273,0.029360453223930463,0.06502633470052234,0.11585719341882346,0.16140948181168716,0.16639638565820827,0.14650993826582062,0.1168703649818779,0.08173807574947371,0.049792054208769566,0.028716139434098495,0.019028453961405307
FRA2,0.01929512458538273,0.029360453223930463,0.06502633470052234,0.11585719341882346,0.16140948181168716,0.16639638565820827,0.14650993826582062,0.1168703649818779,0.08173807574947371,0.049792054208769566,0.028716139434098495,0.019028453961405307
NO03,0.002055831674743208,0.0021888558432734025,0.01579424280138466,0.06046851043761735,0.13768172296246595,0.23009809851104066,0.242497443717716,0.1777411729731388,0.09199446573662823,0.029554521395627736,0.00783645888522797,0.002088675061136069
NO02,0.0008095889965097548,0.0012303073678470824,0.012275424885309194,0.04183907011129705,0.1288314331003242,0.23736740788578864,0.2664208367812793,0.1896472579303235,0.09019027641693482,0.022904017657116794,0.007358096651669474,0.0011262822156002036
NO04,0.0036772172729615934,0.004361135983340964,0.018323628117267208,0.06065374677108541,0.14092022394777498,0.2221843465877454,0.23080049712132317,0.1798034080607764,0.09083493352090236,0.035298652210816746,0.009986355092224624,0.0031558553137811464
NO05,0.0050686218649640185,0.0057645775772678775,0.014003070640717347,0.04687021255991549,0.12494855253896701,0.21106224441801558,0.2572237896081138,0.19919654352513905,0.09155527946974294,0.02899046404279231,0.010340644485859326,0.00497599926850524
FRA3,0.01929512458538273,0.029360453223930463,0.06502633470052234,0.11585719341882346,0.16140948181168716,0.16639638565820827,0.14650993826582062,0.1168703649818779,0.08173807574947371,0.049792054208769566,0.028716139434098495,0.019028453961405307
HR03,0.00844791994056151,0.011824977417571096,0.03073927185875474,0.08925972933669798,0.1847766189995276,0.21025583029892325,0.17633881266136417,0.13330596224107696,0.08501338459840055,0.04293571285262609,0.01844491551095922,0.00865686428353686
FR26,0.012568064486426191,0.022213336061727516,0.06227123827837377,0.12348586725140916,0.1749222366238642,0.1730045417989533,0.146147443903768,0.11971892633835944,0.08301459610618568,0.047444529870512564,0.022409311925610752,0.012799907354809445
FR30,0.014065127941021459,0.019599408022977483,0.05357244904388055,0.1159193076924472,0.16400757822358147,0.18829074427178571,0.1638068416715364,0.12196536100178486,0.07838718713851729,0.043853620436261995,0.022791938106072513,0.013740436450133082
IE02,0.021174797858259712,0.03268472424334312,0.06592389694515954,0.1094324929401427,0.1457593563868215,0.15846432866719062,0.14738993552142496,0.13127894369666052,0.09097555018449568,0.049982327316576175,0.028588873049923216,0.01834477319000222
FI1C,0.00010964651608934849,0.0,0.007829808167990332,0.055586834433726744,0.14419671883278534,0.2535443839997933,0.2613787237392915,0.16510609697262513,0.07752989321972373,0.026918772069862786,0.00642730746643631,0.0013718145816754683
FR41,0.0099666821649786,0.01597042320598494,0.05125381447384681,0.11672300762950807,0.18179225649867256,0.18498904388713056,0.15606112042872178,0.12785391197208143,0.08263881161884724,0.04396589621917037,0.01921470338442503,0.009570328516632623
FR42,0.008553456888765876,0.012426986064239653,0.03730193066102187,0.09130539116913078,0.15221773716292863,0.19456659466794715,0.1924745616517406,0.15503281265244284,0.09209946126790228,0.039963243825187095,0.016081905042539656,0.007975918946153564
HR04,0.004549980312995234,0.006378323618052908,0.02817995272489546,0.10291470735647754,0.17758040818653256,0.20866267438988662,0.19218599463444075,0.149269821460698,0.08037900721517416,0.034101490209555024,0.01148987381699622,0.004307766074295544
FR43,0.008387932005836748,0.013814055814169694,0.04667558839652487,0.10718516179668554,0.1634719032953752,0.18011198881211504,0.1691023582229994,0.1399214892520289,0.09446001765585146,0.04931930447042791,0.0191654440002239,0.008384756277761338
HU10,0.0025487135320398876,0.004510607122355401,0.02757363866679712,0.10052736209610366,0.1922954851859707,0.2196943027393501,0.1937592903056801,0.149748075002772,0.06900911924369442,0.027814609821743802,0.0102892932433407,0.002229503040152118
HU21,0.003384529216910095,0.005413695929290371,0.02817042434385923,0.1050582391152184,0.19856997797219514,0.21840736040832792,0.1844339539011633,0.14398702494557025,0.07066813839448918,0.027895889369845092,0.010780889045744056,0.0032298773573869884
HU22,0.004309567360196084,0.006903982225496905,0.03196505961776917,0.10596476913329175,0.19025859561700598,0.2108602827607893,0.17945442242707993,0.14438662327911034,0.076059707836866,0.03268959005159339,0.01270840625500212,0.004438993435799042
FI1D,0.0,0.0,0.004115175799004361,0.034505279421342606,0.13621722473687506,0.26313092586606235,0.2947256985323398,0.17968890263509177,0.06694512852101181,0.017255648032063496,0.003416016456208718,0.0
FR51,0.021810904792737108,0.036024319869206387,0.08172666026912158,0.13543866388675618,0.16288780140922046,0.14598063397063388,0.13339958956690676,0.1083861037387482,0.0769693356530632,0.04781856467271002,0.029309264537052317,0.02024815763384391
HU23,0.004065586905396821,0.005827305669141149,0.02845607068574712,0.09756979423026606,0.17695149627106715,0.2269564751415012,0.20184340647088236,0.14582778114059902,0.0683414110454558,0.02940756346140848,0.011152304124696661,0.003600804853838214
HU31,0.0013403524880683689,0.0027229701626720745,0.021072035781392585,0.09594404776787621,0.19890827713969267,0.22474295005919398,0.1998418082588971,0.15231932689080477,0.06888970747518937,0.025335112692154597,0.007637922755839422,0.0012454885282188433
IS00,0.006606989499951555,0.006699423644578518,0.009395230974098346,0.02740258186844686,0.08853540382955198,0.24277489015049317,0.30056268469624153,0.2031125814976534,0.07839495761051993,0.022135171758080177,0.007760665096920598,0.006619419373463921
ITC1,0.006378285063073866,0.00868964881640074,0.027418799514904387,0.07636977403795328,0.15708214465591863,0.21236047091428756,0.21010028413717258,0.15815934040902943,0.09014193228139042,0.035185342947881774,0.011946302490857543,0.006167674731129812
FI20,0.004341586307938462,0.002499270735117913,0.01704502181482292,0.06753877669876393,0.1489069871891769,0.20800598451410446,0.20797762644569243,0.16858153773479415,0.1045173288953329,0.04679616356428984,0.017398249456492838,0.006391466643473285
HU32,0.0031936815120304825,0.0046495780296525666,0.028408491599253294,0.0996690115606116,0.18189539966110435,0.22252560488453244,0.21107726034885507,0.15148108825961232,0.06062286807205324,0.023883231483633197,0.009170597784744005,0.0034231868039174434
HU33,0.007024127459374976,0.009232788486084125,0.04161867136163855,0.11566804632881922,0.1863275142082901,0.21048062075370813,0.19123305730166387,0.1269718908099957,0.060021272809624576,0.03042386444581227,0.014566415790918332,0.006431730244070165
ITC2,0.0,0.0,0.010191355874030712,0.040950313427811025,0.13030051609408305,0.22949189370027914,0.2511057624784053,0.19234315757659926,0.10495530773406962,0.03574060145113756,0.004921091663584322,0.0
ITC3,0.011149045014474463,0.015713953395573386,0.03331968160783556,0.08360056471502549,0.1716199567688093,0.1916554861328693,0.17590523746229864,0.1363860953795022,0.09919321068131018,0.04967301644591251,0.02053981866029626,0.011243933736092733
ITF1,0.01749508740075462,0.025191848986801713,0.059236662265440686,0.11333707631886707,0.17224442678739849,0.16980026562515374,0.14185336649535238,0.11938952556664864,0.08349071454679956,0.05050433923738201,0.029703798687003867,0.017752888082397233
ITF2,0.014732114505049227,0.02235834377004178,0.0540032175846807,0.11811637498566742,0.1938850422993745,0.17983474192393276,0.14606884059787248,0.11340234261527517,0.07466102408266519,0.043185622571212,0.025045900120062536,0.014706434944166244
FR10,0.013498813852573911,0.0200795254823674,0.06003928384324134,0.13051703847819102,0.20171495810017204,0.1871770680049139,0.1428936209599667,0.10610596615214356,0.06691763791478327,0.038042900365596814,0.01954571491721809,0.013467471928832032
FR21,0.010974990374146024,0.016711932271008634,0.05238241036191656,0.12326868682164419,0.19313741860667405,0.1938484423753605,0.14869405939344793,0.11605586455055326,0.07493171603536818,0.040660721452448007,0.018608618437430044,0.010725139320002608
FR52,0.023893129765065326,0.035431111941943295,0.07292812135558194,0.1156463668849958,0.14640412041179882,0.14899348023181871,0.14466318657060848,0.11765839429129389,0.0873969126055645,0.05260634299181344,0.03235020155076209,0.022028631398753707
FR53,0.01898790564540909,0.030239916000213737,0.07608531264603564,0.13547244896373536,0.17459800570982198,0.15929287882650917,0.14041042692661668,0.10518657700388437,0.07189234513940163,0.04368817907631506,0.026075256954309317,0.01807074710774799
ITC4,0.00986145771961522,0.012924389713061993,0.034965037290916,0.08015071458669844,0.14940696202995252,0.20364159430090611,0.2029382287390756,0.15176906832365242,0.08818954740544895,0.03961603619400917,0.01665377028656418,0.00988319341009941
FR22,0.013152755861436332,0.018773681222071938,0.055014239796840086,0.12099234210028828,0.1868200245354643,0.19514587221868487,0.1536913570513067,0.11076248560511584,0.07142114448788069,0.04052744856744878,0.020886385553265427,0.012812263000196713
FR23,0.015429729583562637,0.023034313397873696,0.06335764278494077,0.12151907051621644,0.17425911881393596,0.17861387094155246,0.15011079471949101,0.11195090886719834,0.07722252390047338,0.04577392235988665,0.02387431857843997,0.014853785536428677
ITF5,0.02778731861547998,0.040945627060834565,0.08730513251718473,0.15036850635983925,0.18280653162756927,0.14191285926684505,0.10903053592482534,0.08539431996255617,0.06432985093754591,0.04882523508023581,0.03468895139589751,0.02660513125118638
FR61,0.021015508143138524,0.030318486876785355,0.06003099925952178,0.10035291642553677,0.14643044470217048,0.16867781006056096,0.1604503465111906,0.1261663619119986,0.08597642189148079,0.0512820862115287,0.02931519685695216,0.019983421149135275
IE01,0.01983157743096282,0.030197297338145544,0.058338125215565806,0.10462784006594641,0.14461752194778157,0.1636628399511617,0.15811377779319075,0.13822454303334233,0.08842953815483277,0.04973035765837393,0.02699476922961478,0.017231812181081576
BE35,0.010271105076523466,0.015010573674713026,0.04571462374051678,0.10375935989691623,0.16069201266913416,0.1865126007806036,0.17513146174156943,0.1420641706840865,0.08907277192455224,0.043897664298079474,0.018254271736277566,0.009619383777027526
BG31,0.002089655321680493,0.003634473501003007,0.025292688262681683,0.1093063052283449,0.2106265444976144,0.23485371595429133,0.18817876938616634,0.13003993681811,0.06019413726404715,0.023791592745359233,0.00964495785624258,0.0023472231644588917
BG32,0.003833228708783075,0.007436759546033017,0.033768395883838516,0.11782574921536121,0.20317809798201378,0.21881914007438552,0.18219556573355478,0.12371139433106763,0.06357913644817993,0.028936799162330898,0.012637287395006323,0.004078445519445316
CH03,0.009266379350356938,0.014333466836658568,0.06072543669707883,0.11533165046678583,0.15109014546518013,0.16279521950330086,0.1590661261560026,0.13691242494806408,0.1023901074317836,0.056959043124274356,0.021909514318296967,0.009220485702217247
CH04,0.0059721199011407745,0.008034253041986251,0.04387210561645127,0.10461165950276016,0.15662701868724513,0.1772543789880931,0.17555956390246155,0.14642273976518747,0.10268322420387145,0.05438615971506624,0.01843528186677596,0.006141494808960647
CH05,0.004260445267501182,0.006573220276836266,0.019539297023693468,0.061398612935219345,0.1394078403402276,0.20445841570722456,0.22199326241793615,0.17649020434360024,0.1067902199386285,0.043504141912128674,0.01085154696464564,0.004732792872358389
DEF0,0.006598735573560658,0.009913303595953098,0.03492068877569108,0.10811856995851149,0.1708039294339328,0.2222584941640431,0.1733663910901734,0.13175591912908663,0.08016504905840285,0.04013247629002406,0.015522225911244743,0.006444217019376063
DEG0,0.004830267857665093,0.00789809194240217,0.03581445416507508,0.11260933469072607,0.1941075901693317,0.2209636299416974,0.16618745127685886,0.12405419325928292,0.07801078896944531,0.0369081073266506,0.013384808222507878,0.005231282178356896
DK01,0.005871513415685978,0.008090574522570665,0.026279556456890237,0.08834351831311363,0.19122110187762825,0.24415410982846003,0.1712588993895794,0.1228146700138459,0.07979100543612073,0.03984034777161315,0.01594452405584072,0.006390178918651343
DK03,0.00558292466566271,0.0077284299651071385,0.0267704505109252,0.0868035437048374,0.18255602893608108,0.24948143955057248,0.18471258893232795,0.12547401359274638,0.076172860608881,0.03550031113234727,0.013586332013427675,0.005631076387083723
CH06,0.012655240207801748,0.01957544138547352,0.04440701473082662,0.0897808854238757,0.13887159491014456,0.17572015056026608,0.18410617116081895,0.15227578613152026,0.10251150913759481,0.050341127801741874,0.017162516020141953,0.012592562529793912
CH07,0.001417542847014163,0.0031225286876357004,0.014060256556731017,0.049370178283763146,0.1646215675242824,0.21997788626336223,0.22281731711058939,0.1765527146867471,0.1032874612023623,0.035294640395763174,0.007920982871864992,0.0015569235698843916
DE11,0.005473073092088211,0.00914762574252836,0.039984377298186165,0.10656947621511634,0.1764921431370888,0.20349805672010585,0.17482555342078349,0.13478269311457738,0.08599882912975529,0.042416734767828146,0.015059458170962478,0.0057519791909795065
DK04,0.005665062608617658,0.0074000859780218075,0.027432113082472953,0.08926717459492162,0.1868312843951615,0.25436746013227113,0.18294729572661977,0.11968007292097088,0.0725156876121003,0.03472903376829171,0.013706530205426781,0.005458198975123927
DK02,0.005325071742394708,0.007450402144661238,0.024128074006008644,0.08837200417253052,0.20029756693543127,0.26715656498613066,0.17349122967298816,0.1084522068752714,0.0707041809505923,0.035684382697958136,0.013210478809213534,0.005727837006819388
EE00,0.0010352116523766565,0.0008132406111146222,0.006535733625338681,0.04658325997419573,0.16770813906792648,0.26250258389024533,0.2485284638226467,0.167779126115275,0.07317396955758783,0.018499131758399803,0.005662007635400791,0.0011791322894923798
EL30,0.044507495876749535,0.065692063737077,0.10091781396791245,0.12773743824441014,0.1266446674247647,0.12509256412371456,0.0982706874545636,0.08014236661385994,0.06995059290714674,0.06366613483171338,0.05427247803300827,0.0431056967850797
DK05,0.005625077742506849,0.0069576522910302155,0.025440722634096902,0.0851201566481689,0.18552557367449707,0.2591175460918325,0.19237392742159456,0.11804202133243756,0.0700078169262722,0.0332009920474984,0.013199585510711785,0.005388927679353013
EL54,0.024719025984997974,0.03292962831761687,0.06208533055510227,0.1064963664480687,0.1581875011942679,0.16433410916440752,0.1329963954494978,0.10409735557703584,0.08573144491334765,0.06511808451939649,0.03950761347686297,0.02379714439939803
ES23,0.020933811534130518,0.029609167349785824,0.06132561248310976,0.10581898579193517,0.17407413887013418,0.17756497235755023,0.15043170191854932,0.10698412411529702,0.07447405124607429,0.04906044673472834,0.02849531640212906,0.021227671196576287
ES24,0.02600957233311872,0.037146530334441145,0.07265387234133952,0.1191110593848779,0.16225471198588504,0.15152800794363666,0.1301197545545876,0.10087740626099115,0.07792277044278827,0.058674213596128295,0.03665840329031855,0.02704369753188715
ES41,0.02360276796624308,0.033852797939122214,0.0706538188727176,0.13803198347083417,0.20207483549464736,0.16557899974191545,0.12032600484682829,0.08601410895631577,0.061997967582743535,0.04533482476775823,0.029850158281608447,0.02268173207926587
EL41,0.05042052922672238,0.0682621129797766,0.09861025142137018,0.11743308242626214,0.12214684230192885,0.12180054472965436,0.10042389718862604,0.08328425379204306,0.0682319097046134,0.06596237876297592,0.05698708980836737,0.046437107657659675
EL61,0.024643396282947,0.03404124249945478,0.06829235101068636,0.11773788648206945,0.15214485676795847,0.15732135430287805,0.13348214980740827,0.1064847323648627,0.08264282565246732,0.05993903348246352,0.038536732013562155,0.024733439333241916
ES30,0.03266081934183823,0.04681056141644993,0.08874643574094317,0.15442721447582985,0.1845712453279021,0.13606964620664386,0.10013456865916648,0.07486814090966154,0.0589477952308568,0.05277443404565566,0.03848595590119769,0.031503182743854705
ES42,0.03512827117641497,0.049279119386270324,0.08823528224318018,0.14443368951527236,0.17614194090726726,0.13556166034350542,0.10290283287960364,0.07646417489823425,0.061937795840285345,0.05493255202196749,0.040811420602914907,0.03417126018508387
ES70,0.03737665474329398,0.05289824913691827,0.08501043551042255,0.1220881730006423,0.15185066741960795,0.13770092758732114,0.11582329350700506,0.09007470482906726,0.0702717708297591,0.058021322369913815,0.04298986355922782,0.03589393750682079
EL62,0.05076406419359412,0.06402620417400345,0.09522975501729618,0.11544467222482402,0.12172218076151843,0.11512148152826035,0.09666795040373452,0.08122757753417002,0.0770034824134948,0.07650901907050038,0.05970269583498942,0.0465809168436143
EL63,0.04030145357303228,0.05304955222425878,0.0872273026805239,0.1177094429188506,0.13420801324320697,0.13222021073531295,0.1104002643059456,0.08791659223564602,0.07676693759599003,0.06879957935632344,0.053489750090913946,0.03791090103999549
EL42,0.05990404919993841,0.07948977322467642,0.10763417452125733,0.11489965495762386,0.10895682422391857,0.1110650712012338,0.10293171727168483,0.09005882771257445,0.07250213546807503,0.056505316680588245,0.0484747791806526,0.047577676357776454
EL43,0.06615301981986589,0.0854656314477866,0.11441724975331731,0.12442028793718114,0.11882359334948446,0.10886481277138174,0.08667767702281397,0.06913142068680045,0.05526783628518469,0.055320151527981344,0.05871607071701782,0.05674224868118459
EL64,0.0338906252946925,0.047235456502810864,0.08320480131475379,0.11972886237875058,0.13368197535071136,0.1407694524145555,0.12284129780988734,0.09981447605397327,0.07783758108306064,0.06193499182863591,0.04623262707582836,0.0328278528923399
ES43,0.04718963159696709,0.06899846113063884,0.11243385833930197,0.15085745495946654,0.1549312998843781,0.11487184386204354,0.08712929911103258,0.061480551402601814,0.05017054334924138,0.056600374842391186,0.051585267059998066,0.04375141446193892
ES51,0.02701376601721979,0.038450964068190735,0.06750412313931088,0.10532671729564604,0.1445797679159809,0.15036551377945934,0.13823872129340917,0.11274311918093283,0.08523242470935916,0.06385888457523568,0.03899831444049472,0.027687683584760786
FI19,0.0,0.0,0.006589632994376054,0.05358661366079551,0.1451845669820623,0.2554459845723763,0.26730110788607975,0.17129005769508818,0.07339795330467287,0.02266803302329239,0.0044109556791352145,0.0001250942021214742
EL51,0.014489643586064443,0.020566287722075118,0.045233820726813465,0.10419901808323263,0.16991346575739544,0.19216834719611922,0.17013874637865492,0.12580843914961382,0.07482223751450562,0.042960795658272044,0.02569682241856638,0.014002375808686898
EL65,0.040317949352131226,0.0544161283498816,0.08853746232933422,0.11957980221973966,0.13387598182047108,0.1295912825972757,0.11026472889486898,0.09003643772260407,0.07584802103248504,0.06753207937413677,0.05207125713697331,0.03792886917009833
ES52,0.041081240731492295,0.05472516109794937,0.07854832079615297,0.11289149743003932,0.1460885299953124,0.1399205586128849,0.11095546394594422,0.08674933845759786,0.06919627401007601,0.0664693905369181,0.05112292284438762,0.042251301541244936
ES53,0.05332044667294585,0.07453117640474702,0.10478288778439306,0.12684696958169914,0.13079306897418566,0.11348931427802779,0.09254524769361255,0.06973895435158828,0.058535119151883454,0.06485243245345199,0.059388978466659734,0.051175404186805495
EL52,0.019547051326581345,0.02873534413766628,0.06509138465822387,0.12277161618830672,0.16204965394736662,0.1688109577869529,0.14512176305744423,0.11627237799636417,0.07564857014740937,0.04914647692545511,0.028796195148624117,0.018008608679605277
EL53,0.009188692980727812,0.014647244021010083,0.04256652833255574,0.11397582717939973,0.20847216356170628,0.20511254012762806,0.15137890760734365,0.10795735559321173,0.07361746989468532,0.04185537334460004,0.021504577976173247,0.0097233193809583
ES11,0.031296509874061,0.04450287742362865,0.06824247810192825,0.10391284764799685,0.14306691998536458,0.14831340420593717,0.13504293511972798,0.10887255816344571,0.08687605053374461,0.0624331641498574,0.03916613273384083,0.028274122060466953
ES61,0.05094941167593579,0.07085250042720201,0.10838833245777212,0.13956864606973873,0.14622454919722955,0.11253730528247123,0.08625146005145466,0.0671076226792042,0.05797480145570967,0.05883657584631824,0.05287947836431777,0.04842931649264602
ES62,0.04596840961409698,0.06594104990053101,0.09613335900827841,0.12234014742265298,0.12673528784851307,0.10877818594385066,0.09407439602558473,0.0826064959651741,0.07762105112233131,0.07514889538203898,0.05715638276509362,0.047496339001854154
ES63,0.06308199944410249,0.08624804889255433,0.10997762882185436,0.13829221490236324,0.1332830812892355,0.10819531979600733,0.08386048954530446,0.06198374794153544,0.04959940065628624,0.05345610478180394,0.056674914944063404,0.05534704898488931
ES64,0.07617226395375155,0.11236743827938031,0.1418321743384881,0.13177288127880968,0.10059372034553278,0.07993682073829797,0.06915722097913464,0.05799925977408208,0.05712837431320976,0.050670618739585886,0.05467454916753941,0.06769467809218783
FRA4,0.05360931372008682,0.08103787600948105,0.12127128599646665,0.12438842794698524,0.10934110250375724,0.0898743179654266,0.08001620360303083,0.07816564091029445,0.07201541059629217,0.06954795240207268,0.06559728086755187,0.0551351874785544
FI1B,0.0,0.0,0.007651107257352227,0.0548514503989804,0.14326768032680534,0.26336431167502833,0.26024840921644016,0.16074458955287696,0.07465021395772863,0.027166473452112275,0.007475899559567343,0.0005798646031083553
ES12,0.021233812553439778,0.029465193321045705,0.05663350797221971,0.09251070860358095,0.14898398074243796,0.16863594501812026,0.16010376177641814,0.12656468882832742,0.08847961022961705,0.056604334689243994,0.03037912290545755,0.02040533336009147
ES13,0.02462135654122369,0.034204963649582386,0.06495307342964082,0.09656512600282872,0.14372359793090672,0.15884187576142156,0.14984420540416352,0.11967540591012714,0.08770765816907729,0.059860556397676935,0.03526824848235025,0.024733932321001
ES21,0.03062270099482956,0.04286259899815222,0.07173773882322712,0.10028394630843389,0.14081087021781408,0.147861646225278,0.13582523862199264,0.11162494650845832,0.08379289253532178,0.06254314703773917,0.04151790871036431,0.030516365018388884
BG33,0.00467957822292618,0.008230067745987136,0.03378554642343174,0.117435300903758,0.20939866987572286,0.2247434180808323,0.1855066323445872,0.11273178445151616,0.05714427338806682,0.02658465119718979,0.014389862576690006,0.005370214789291784
BG34,0.0061970162240398,0.010395966476260749,0.03412705941180285,0.12072017820344988,0.21160353721190173,0.20884922609067919,0.16710818908991176,0.11711785195024721,0.0679298764841167,0.03314187333897101,0.015961965144446366,0.006847260374172722
DE12,0.008917555902055398,0.013182939124037077,0.04451642912962709,0.10486028990256702,0.16731853710819963,0.1900624968529151,0.16892979911450742,0.13810239992675627,0.0888040937872791,0.04703439823410035,0.0195657398113585,0.008705321106597046
DE13,0.007785953037351673,0.01183487872275226,0.04495868298797448,0.10192963730903207,0.1569529668310191,0.184653095678045,0.1751291930576626,0.1440572569387785,0.09734123580853983,0.049338315423811674,0.01822189831003845,0.007796885894994376
DE14,0.005077491690163409,0.007697782205984863,0.041789515548730116,0.10410203275590617,0.16882532922220286,0.19366761414575787,0.17472551436554828,0.1389928380100559,0.09473903514825513,0.04829123628657382,0.01615755681697215,0.0059340538038494045
DE80,0.006077772095093908,0.00977885385800152,0.03766161689521241,0.11174421555591103,0.17546273452630393,0.22042121200226109,0.16274244128766027,0.12791231432873054,0.08291930323922139,0.04260954801488541,0.016403737568872263,0.006266250627846226
DE91,0.005484317524193753,0.008331911770494303,0.033810572414721865,0.10928476041518916,0.1855839523523,0.22857649208695174,0.16931424699733869,0.12362174984139346,0.07995651188561717,0.037478734633604766,0.013370048731239054,0.005186701346956055
DE92,0.007879691879909492,0.01143103547494638,0.04053424773293064,0.11955925193710197,0.181483297973704,0.2110085249860945,0.16065471481779356,0.12464141937849427,0.08048614462372977,0.03988055678828831,0.015284940371409747,0.007156174035597365
BG41,0.004779924407415218,0.008403842779363934,0.028544139465008465,0.08245845873486865,0.18351327094575676,0.21978661077334924,0.18519135898390307,0.14184542820970295,0.08267124556853286,0.03947910023730734,0.017593729843724717,0.005732890051066787
BG42,0.008994021913582702,0.01531357539865811,0.044141077916135515,0.11163916851818226,0.17965550831354232,0.19568977218575814,0.1644467238441819,0.12674198984093565,0.07634909620903035,0.04375307729809222,0.023551481550721776,0.009724507011179082
DE21,0.004416529090665863,0.006443845303911135,0.040109034506890656,0.1045584439882297,0.16384821343133865,0.18904554619853806,0.17910138781697896,0.14193412443950262,0.097716934949752,0.049880527425033905,0.017369936170100027,0.005575476679058455
DE22,0.00483575999710583,0.007577465793548393,0.037560017963719425,0.10383522982445732,0.16561830683597195,0.1994424081438101,0.17711520920417323,0.1398159644648426,0.09526542033605549,0.04680410609465283,0.016435964665952818,0.005694146675710022
DE93,0.008228381195378522,0.012079812392025603,0.03825538265150255,0.10336459818214945,0.15565656362677965,0.2040306011412507,0.17788842180009828,0.1438777208502874,0.08912362577758523,0.04301706842597077,0.017153002305326664,0.007324821651645155
DE94,0.008123672011430647,0.011962899670791118,0.03658391723539288,0.1019160517836173,0.15251253700082407,0.20243626607322038,0.18824198400180966,0.15037784975859053,0.08678926199287561,0.037882254287299785,0.01573832735424868,0.007434978829899345
DEA1,0.011028090144411824,0.015366883618605184,0.04348250488851292,0.10771310752321128,0.15416028622869002,0.18806992571559725,0.17142351881297502,0.14416333620076807,0.0894430561660061,0.044520311197553675,0.020599287840822517,0.010029691662846141
CY00,0.06927494228068244,0.1180674277049513,0.16172180945587816,0.12405972840490119,0.09610866007348726,0.09249143321222349,0.08111973348841807,0.06361670812548498,0.052577439979393084,0.04814714811175781,0.04439338685250456,0.04842158231031766
CZ01,0.0019968005315913594,0.0036606429057049025,0.023167278431263028,0.09975161806196718,0.2477626928582189,0.2661364611342832,0.1526923707930806,0.10801663154855412,0.06276333631274829,0.023178646442947985,0.008032839614935658,0.002840681364704821
CZ02,0.0029425353936209674,0.005496897470396857,0.02847648526920313,0.10106182068178683,0.2099479763974914,0.23460917518188043,0.17033675892468322,0.1254308142919294,0.07573930739847146,0.031239714360504513,0.011183693076783673,0.003534821553248107
DE23,0.004587937154968413,0.007727259776340413,0.04211811828210266,0.10501698139604647,0.16695053380430194,0.19439035939342247,0.1743668391145265,0.14164838822971076,0.09565971440464074,0.046193147360771576,0.01598363987361153,0.005357081209556491
DE24,0.003744858413949564,0.0068394161529520894,0.03739047587005054,0.1044932623564212,0.17559867285007882,0.20372461017091428,0.1768315022818322,0.13829277630935835,0.09125817052181676,0.043676858189523445,0.013614655629657524,0.004534741253445218
DEA2,0.010464596075929805,0.014575597191808858,0.044377121307298824,0.10792844482952384,0.16313265707391258,0.19283568096625522,0.16669610270135815,0.13703122318133448,0.08817764028004853,0.04510628945546653,0.01986378842547289,0.009810858511590276
DEA3,0.008391190414172245,0.012288354142098806,0.04075206052397309,0.11521192466918077,0.1693451037646377,0.20141360328366353,0.16962088376691936,0.13676202107542096,0.08249922977772198,0.03893502368164045,0.017138246202258792,0.007642358698312291
DEA4,0.006702486838974223,0.009283549197369468,0.03790940628322328,0.11860384954264036,0.18914029360654566,0.21225244031189922,0.16184974175378733,0.12484480162873528,0.0793091378618281,0.0393204993861098,0.014604892686052392,0.00617890090283489
AT11,0.0051984688647224424,0.008225586796402494,0.03377735014788742,0.09951692430673859,0.17967842610742626,0.20088201080828358,0.17575508778775853,0.14573749219582208,0.08978076284514497,0.04036714356228021,0.015723720667031076,0.0053570259105023416
AT12,0.004266996943937379,0.006985289213964094,0.03400927002379731,0.10114111309581379,0.18125069426541285,0.20699844094736422,0.17315195694123708,0.13949375540263642,0.0904587870861168,0.04258439550909058,0.015209144782115843,0.004450155788513623
AT13,0.004610657582210952,0.006602952502240384,0.02685211571176045,0.10436643842312504,0.19766846880985275,0.2176854157777712,0.17117198996122834,0.13454067954546745,0.08433523727937957,0.03607772501699657,0.011920533895321031,0.00416778549464623
CZ03,0.0037174669376890874,0.006559057721438455,0.03615697749326493,0.10109922705528858,0.177843570234567,0.20460047799134545,0.17797822500641336,0.14109667394687328,0.09023593106732852,0.04176075446930101,0.01450579014823025,0.004445847928260047
CZ04,0.002477876401606166,0.004651387511483222,0.02721619388221051,0.09388332705064803,0.19204727702212554,0.22391760245847878,0.1829341005378104,0.14119849049803873,0.08489622669522871,0.03343953454273083,0.010651941526291613,0.0026860418733474787
DE25,0.0073867313609471625,0.012156917291476808,0.04936846978449037,0.11490188084023978,0.1681300489237597,0.18890802371921636,0.1646419441378851,0.13289521611951957,0.08925555075789826,0.04614025971510948,0.018541478219070984,0.007673479130386402
DE26,0.006938755581299415,0.01082229495918062,0.03903486668586914,0.10739214589847523,0.18790780150761335,0.20691385606302887,0.1657639771669195,0.13106959621939943,0.08310130716045572,0.039487758089130576,0.014790928438093195,0.006776712230534964
DEA5,0.0066748060402700045,0.010132848760129043,0.03880495754929037,0.10135822392982273,0.15973631344644884,0.19309655284655006,0.17739894384813903,0.14745831290087333,0.0935760523227159,0.04670728355746477,0.01815282364173614,0.006902881156559765
DEB1,0.0073049766970627065,0.010999854711203209,0.03998175126833902,0.10578414169706064,0.18073062678301655,0.20062092759102385,0.16940500055361768,0.13688353426259287,0.08536536203252408,0.04103866986461886,0.014849500355832414,0.007035654183108115
DEB2,0.006070026175766092,0.009984386120174694,0.040230629127839236,0.1012741713127727,0.1688433000641196,0.19634324086368332,0.17822265748897803,0.14565269557296012,0.09025102068204872,0.04244082199680258,0.014737031540399717,0.005950019054455179
AT21,0.0031586905730125415,0.005849512459257707,0.03492081463633678,0.08841080905178204,0.15773320962283485,0.1921780475898945,0.18931586520655935,0.15649206187933365,0.10337993960212083,0.04914783883616811,0.015746698062254327,0.0036665124804453005
AT22,0.0032785314268584495,0.005915768303404602,0.03473756300707311,0.09217142897289912,0.15878148642461737,0.19198740763777908,0.1873409744221062,0.1557457415697035,0.10211824535917427,0.04780633209664373,0.0165545036106823,0.0035620171690582607
AT31,0.004322197248296985,0.00662853108366089,0.03709025041756449,0.1034633790935768,0.1629019673866827,0.1912057752826928,0.17820891279377962,0.14589325516288526,0.0983518175103241,0.04952620539424479,0.017363647376359464,0.005044061249932107
CZ05,0.0029363959456436737,0.005413512975838075,0.027723368336775977,0.09389537865770661,0.18643121553913178,0.2222793039287261,0.17977472152331997,0.13988378522004657,0.08867269185811483,0.037260444288759104,0.01263276564934611,0.003096416076591209
CZ06,0.003351111757841547,0.006115157420951283,0.028928000857583118,0.09719955514637856,0.20041716833820805,0.23874871119165295,0.16946279137249665,0.12605379918706586,0.07887259433985713,0.03452914652374704,0.012813293331865564,0.0035086705323522697
DE27,0.00518273877094317,0.007790603817980894,0.04299388056265812,0.10808309047526234,0.16335298429577821,0.19144349356648424,0.17460829413907297,0.13933034354134563,0.09641524907933961,0.04835570693881558,0.016430581228932917,0.006013033583386314
DE30,0.007504181891583724,0.011665588070098246,0.039163883138350106,0.10272831835532012,0.164604696354422,0.1976958386607351,0.17169520895445423,0.14735044708304604,0.0909266781856152,0.042735054686304834,0.017274962970081464,0.006655141649988982
DE50,0.008575175386534802,0.012222745095865167,0.037788382436300776,0.105348715844963,0.15253900088949154,0.19259174995045478,0.18233578935243963,0.1522247006656672,0.09026172184481443,0.0415086325565009,0.016828204015803122,0.007775181961164662
DE60,0.006731632492211979,0.009614360597538809,0.0372289672514576,0.11044926113035729,0.17259089635797514,0.2213990012438326,0.1674620340900626,0.12915938213972128,0.08120245777710033,0.042160240274744076,0.015613791620869226,0.0063879750241290665
DEB3,0.009879329959063349,0.014458622060884435,0.042080347240220174,0.0997675461833406,0.17292400004455685,0.19645263983614408,0.16963524809914088,0.1395831417303007,0.0863482685776103,0.04251531341369979,0.017419218739259335,0.008936324115779486
DEC0,0.009069804169712963,0.013673408074694306,0.043617495126894196,0.11021184555630466,0.1817317382905327,0.19075141168604892,0.16413128402610092,0.13526178060154848,0.08492926930231567,0.04154039914686398,0.016963988203435896,0.008117575815547298
DED2,0.007097771014340406,0.011169496515443534,0.042004369883180716,0.11458501052811021,0.1762156510245915,0.195616163500239,0.1628281265829689,0.13281905293234061,0.08809354721425154,0.04468088522506506,0.01796043833264678,0.006929487246821739
AT32,0.0014825354700675345,0.0017602024920727577,0.019726425607609174,0.07368927285375672,0.1532780424797245,0.20185361741216817,0.211227595125666,0.16670802818704875,0.10789892810559913,0.0482302118827042,0.0131121303451822,0.0010330100384008524
AT33,0.00047002519501226084,0.0015614909647139032,0.02014103129928663,0.06486864561320835,0.14260269532593997,0.20186267207218758,0.21870469466420825,0.17491771625441913,0.11254736500566007,0.04892175885366095,0.012996074604505232,0.0004058301471976769
AT34,0.003390874696473742,0.005288036117600167,0.03259078790094097,0.08888108089614125,0.1508009742691813,0.18895876518826518,0.1939245034640699,0.15790563107770664,0.10557746750511289,0.05227865616516824,0.01673848345296532,0.0036647392663744323
BE10,0.013322745001846081,0.018096209155726774,0.04978222636610015,0.10804984035174166,0.14497935027830317,0.17759803400059895,0.17236018860620167,0.14093326910849746,0.09029750047097518,0.0483354742444894,0.023227181704530635,0.013017980710988877
CZ07,0.001775576866551678,0.003592995403581039,0.023849485763852856,0.09244609062553359,0.19663882631796054,0.23906946951980493,0.17863451119646398,0.13951335650895874,0.07957430444553182,0.03217097063493662,0.010785734243745388,0.0019486784730788254
CZ08,0.0010509087482107788,0.0025665220688021267,0.020569898540184896,0.08777354656600074,0.19544007540435396,0.24141755997495895,0.18677081232047832,0.14406969210702641,0.07818663192574918,0.03021610182361106,0.01068611391813629,0.0012521366024873118
DE40,0.007745857256673352,0.012455337663246741,0.042534146898248096,0.11075440689970956,0.1667449897780849,0.19636808720587384,0.1642269930691365,0.13956113957269742,0.08977015902300757,0.04476922406164014,0.01788935009625991,0.007180308475421964
DE71,0.008583753212264119,0.012743288978869912,0.04146624570042833,0.10916738199542775,0.176643335427288,0.19683485498468276,0.16744605318441866,0.13547234667684815,0.08564166245989921,0.04156040046164544,0.016342810883519337,0.008097866034708336
DED4,0.005440418149745723,0.009035085875928934,0.04019460602507457,0.10921071353880392,0.176086311034847,0.20348792807788146,0.16635285631620308,0.13105751330500212,0.09013703238789826,0.04617077507322729,0.0169081757901475,0.0059185844252401115
DED5,0.007351840849187212,0.012059520509368466,0.04743183637003723,0.1313165796274077,0.19271688658860028,0.2000348913604874,0.14461611442088051,0.11735430171603439,0.07908396636806496,0.04293841860787396,0.017445507300989455,0.007650136281068421
BE21,0.013218556325526494,0.017626972154500084,0.04904067927990994,0.10350822443282219,0.13911776769254747,0.1753765378735808,0.1789817840026622,0.1505192648591998,0.09341237900185202,0.04526689304510622,0.021883647760167768,0.01204729357212501
BE22,0.011082570480662914,0.015928550602744437,0.04636012771478826,0.10454975437730137,0.14893044838786237,0.1866545606161748,0.17436451663890307,0.1446014373733271,0.09057601638521665,0.04623818919342994,0.02043621226038862,0.010277615969200519
BE23,0.013769745311207199,0.01753421999438523,0.04604561862994246,0.10134574839372626,0.14189513801526638,0.18430179916756795,0.17832185204100062,0.14346594539857813,0.09075126241615673,0.04627665077367461,0.022884770168531562,0.013407249689962843
BE24,0.013322745001846081,0.018096209155726774,0.04978222636610015,0.10804984035174166,0.14497935027830317,0.17759803400059895,0.17236018860620167,0.14093326910849746,0.09029750047097518,0.0483354742444894,0.023227181704530635,0.013017980710988877
BE25,0.016327288710127962,0.022939724393066418,0.060034393577389704,0.10958871355749367,0.13570796299268723,0.16758866649418197,0.16425857116583362,0.13884089929416088,0.09545808800807987,0.04979389758077261,0.02441339875823639,0.015048395467969688
CH01,0.010012113950912524,0.01074128611910168,0.034753960713912915,0.0888052605047829,0.15114394371537707,0.18912745000598502,0.18684289595876027,0.15305450911715626,0.10217745846407256,0.049555880585696106,0.016739991249245918,0.007045249614996766
CH02,0.004702181443026287,0.007418024739227608,0.0395385349677481,0.09846500659293282,0.15585395208712968,0.18449540753391583,0.1819968159764001,0.15125474877212897,0.10355270281417865,0.050682341124680653,0.01693682676236662,0.005103457186264694
DE72,0.005545636326988194,0.008578179004691234,0.03648424771956495,0.10699101075056666,0.1806149389426597,0.2050753018864385,0.17371223631781643,0.13857728637177316,0.08637803169279705,0.039617169912949175,0.01324410151610621,0.0051818595576487315
DE73,0.004997954928967695,0.007969367379151823,0.03548990931672351,0.1091068574857801,0.18276783419280795,0.2109605485839051,0.17306455781549515,0.13479956484351735,0.08425698551091886,0.03852255254661506,0.012912776906548788,0.005151090489568619
DEE0,0.006887690735882757,0.01113508550157484,0.0408440411542364,0.12353180893015196,0.19218086171016788,0.21656873864598192,0.15427526846943,0.11884586956101438,0.0761698730389783,0.038005471747338725,0.015174746966262172,0.006380543538980671
ES22,0.021892993357480194,0.032319874444856844,0.06740533449374785,0.11459502386955575,0.17438046664021603,0.160565676474729,0.13787598069957635,0.10899004261963575,0.07729729435705784,0.05227285205994906,0.030704068703364777,0.021700392279830547
BE31,0.010923273443984534,0.014866183509442651,0.043198384692604196,0.10656414431550625,0.15787087872776814,0.19868163681216383,0.17398774011109772,0.13455300979682752,0.08595972128543747,0.043914324693878626,0.019226016971247515,0.010254685640041577
BE32,0.01322210827027453,0.01864109170683597,0.05112199511181811,0.10677263524304878,0.14400827405289038,0.17560121771669784,0.1754065313859152,0.14229102489003528,0.09088252655482981,0.047574791799366876,0.021874536594678983,0.012603266673608251
BE33,0.010712102492793306,0.015918930593655765,0.04958904564990974,0.10838133946515591,0.14853178166340575,0.18013305842317892,0.17088869295857206,0.14377870942300985,0.09284553892319906,0.04802529739873232,0.0210618608904599,0.010133642117927418
BE34,0.00816122207095479,0.012366269587342089,0.04390201595579116,0.10094919707376328,0.1630289752090586,0.18627832758840532,0.1785351640647535,0.14646929002082285,0.09183778008579996,0.04373089421921291,0.016923026204461775,0.007817837919633764
PL31,0.0014069244692774719,0.0029315021449882097,0.021266276624756213,0.08205767710513674,0.2124824799125067,0.2531312736644679,0.18461379395041785,0.13157426981254772,0.06973101157720221,0.027851563283922205,0.011272230099771793,0.0016809973550049573
PL32,0.001197807403569526,0.0021110915687600025,0.01910110787515917,0.08134622166233689,0.1979611625261528,0.22786561333925578,0.20083076838587305,0.15149446462455574,0.07871865089683067,0.027906912457982984,0.01000536672515325,0.0014608325343701118
PT18,0.05175796116140795,0.07485369919665241,0.11924144637338702,0.1523158510159384,0.15410103625492605,0.11178927083092369,0.08292949575450059,0.058423854594009894,0.04499226334073446,0.04801697617085317,0.05273283218654326,0.0488453131201231
PT20,0.048135268787126935,0.0651945183626497,0.09564691637855309,0.1291334078850813,0.14910661834595365,0.1294918689287378,0.10087774996449692,0.0732114504699069,0.05740085384277418,0.055048611688497784,0.05173221003201145,0.045020525314210316
PT30,0.048135268787126935,0.0651945183626497,0.09564691637855309,0.1291334078850813,0.14910661834595365,0.1294918689287378,0.10087774996449692,0.0732114504699069,0.05740085384277418,0.055048611688497784,0.05173221003201145,0.045020525314210316
SE21,0.0027073658697873027,0.0041675479873782605,0.026556930195850773,0.07726066189451052,0.15510343159894333,0.2204090711314487,0.2094689792189494,0.16250142872141,0.09172807843598432,0.035626183082933915,0.011596334218429063,0.002873987644374419
SE22,0.002969000558207075,0.00432411308496785,0.02413639080741447,0.07250345586456138,0.1620955631486625,0.23386648337001914,0.20490111702716707,0.15630461899987624,0.08872685972110277,0.035258602350162975,0.011644069681566501,0.003269725386292057
SE23,0.0023392022513252504,0.0035732241410950456,0.023043497588054913,0.07376694111171213,0.16119112610109496,0.2352889959764192,0.21161709942879153,0.1550984760955988,0.08756177815850992,0.03346436262001155,0.010556288274926712,0.0024990082524600087
SE31,0.0013164623319951913,0.0014238889042414496,0.014808219118750344,0.07263927119659755,0.1564156843181518,0.23024525116893882,0.22730247553806276,0.16721951279220354,0.09028454518580707,0.030214721754043602,0.006461853186072976,0.0016681145051348932
SE32,0.0003096435971718068,9.252636690505973e-05,0.007840484796184316,0.046517420445518536,0.13701627806006286,0.24170834416720688,0.2690613876826028,0.18718398112067897,0.08352804574369313,0.02309784044709374,0.0036440475728819477,0.0
SE33,0.0,0.0,0.004015070668340103,0.027164661193091962,0.11448264792788748,0.2582477697868393,0.31669024969057297,0.19476409237929213,0.06693637236312662,0.015208505213615947,0.002490630777233549,0.0
SI03,0.005274874153880609,0.008083083562665381,0.03177478562436743,0.09593372227701932,0.17115044249431494,0.1971256945402693,0.18412601153753644,0.15148570665545344,0.09393525559146926,0.04099521723910334,0.01455727364145897,0.005557932682461587
SI04,0.003994855461910317,0.006763411625770349,0.02945241574254219,0.08857527475395356,0.17033672286032478,0.19903089438165308,0.18909535592873802,0.15718091878167154,0.0973678390532204,0.04089904589113566,0.013010174001173838,0.004293091517906294
SK01,0.004970696461130166,0.007501507663156896,0.029943265094342957,0.10903580003379335,0.19934344156579029,0.20946901602996773,0.172141224906931,0.1402259326243458,0.07771464474045353,0.03239677706309551,0.012649151283841671,0.004608542533151083
SK02,0.0029279469180461012,0.004819158439055611,0.025703917247404368,0.09701853854590485,0.1986954397827914,0.22158439131145397,0.1820149709076998,0.14688368038364494,0.07732739749835398,0.02981401682735493,0.010520818893414751,0.002689723244875334
SK03,0.0013908298754530175,0.0022801341585862093,0.019691032665634017,0.08034060992711366,0.18289175639361155,0.22132021771050225,0.19913667321460324,0.16247690427267594,0.08817165672308205,0.03174131671083359,0.009319000726333094,0.0012398676215713807
SK04,0.0013523457822475415,0.0022186276366519277,0.017186358637671616,0.08144854707424012,0.19385175131359278,0.22273786784846517,0.20153303485451152,0.15944515691140024,0.08345457564278978,0.027904178819288326,0.007685666407679949,0.0011818890714610248
TR10,0.01962220642551942,0.028347506870070063,0.058395954303835367,0.12621559459301632,0.17989573414272836,0.1648949606796553,0.14407243923350174,0.10248024325015534,0.06967566689668536,0.05060154856356095,0.03421206369708679,0.02158608134418496
TR21,0.019059416247627935,0.030554698121653373,0.07140101194423988,0.15144621876593908,0.18485256640858272,0.17248312611589364,0.14254935061930968,0.08738487580411108,0.05388381537979247,0.038405924093507654,0.028755785841562374,0.01922321065778009
TR41,0.0220494996448425,0.03165792414062206,0.06674587075923663,0.12541400070072958,0.17049341984894628,0.16693165877074234,0.1320270773037087,0.09660399607709196,0.07140489684039658,0.05406511927149678,0.03830039404566554,0.024306142596521033
TR42,0.011373862156964154,0.01747868857138925,0.04318594937856849,0.10459658472010216,0.16894716312811042,0.1889164978370115,0.16271559582859696,0.11808117408720534,0.08609782304477406,0.05363905447464415,0.03013519063971739,0.014832416132916137
TR51,0.021152715583909267,0.031092767905736476,0.06975552450063162,0.14601110574171228,0.19570892933222875,0.160614927698645,0.109874014709641,0.0826490677011582,0.06569491928083793,0.05114187836508085,0.04010722176346394,0.026196927416954712
TR52,0.022390613311925867,0.03137069423668262,0.07409734405969999,0.1479037016866117,0.1951414273578133,0.1570513245971182,0.11161124717019297,0.08384717475094657,0.06500571314936768,0.04931808540622951,0.035767841206998684,0.026494833066412884
TR61,0.03056278043407353,0.04123338233322267,0.07385615854472695,0.11849269393021152,0.15713137497108412,0.15365711836686058,0.1155541100047378,0.08972852231310381,0.07414598692597654,0.06409902587307592,0.0483531953224244,0.033185650980502183
TR62,0.030471228843956946,0.04460734945704794,0.08342718837674856,0.12253269542261237,0.1512435160806134,0.14944132848651723,0.12363423361443678,0.09375675808489416,0.06795087750987139,0.058399577348730365,0.0433839973482788,0.031151249426292073
TR63,0.028877430717544464,0.042883166442879275,0.08435071289612829,0.12854938543097208,0.15646829721722783,0.14238395730318484,0.11902123193294162,0.09480196301128353,0.0710147655453795,0.05734228928750767,0.043535826924808535,0.030770973290142344
TR71,0.02340492335262818,0.03443114560062427,0.07686533494599268,0.14677763104746291,0.1911192563963025,0.15191904400071396,0.10812657336483078,0.08319849271029298,0.0653363553655859,0.0502836894971687,0.0400094567890632,0.02852809692933395
TR72,0.014277273962477275,0.02093574666402366,0.05384790321200902,0.11822070005371742,0.20019343972675413,0.20290727747545323,0.13233791862786018,0.08810603440223308,0.06514072561205321,0.05041292257824721,0.03518778573471737,0.0184322719504542
TR81,0.01211095038260315,0.017416698321653764,0.03825171014749385,0.0993584235523677,0.16624365303322802,0.18542109393354042,0.16691048727304048,0.12738421180094764,0.09106844975887363,0.053444657337143466,0.027689046449307343,0.014700618009800564
TR82,0.009862454707473352,0.014988482611801433,0.037378364612246875,0.09311622929413252,0.1721887324773532,0.20081294347376816,0.1681890948378528,0.12457164519172795,0.08585814217573497,0.05095801683046859,0.0279390007257804,0.014136893061659732
TR22,0.029289746528794233,0.04288693311832545,0.08306494227786214,0.13550558439607924,0.15577193436416192,0.1433651992997378,0.11950910834819609,0.08974517307024062,0.06827734520431346,0.058586825732262475,0.044173198487178926,0.02982400917284769
TR83,0.013541131122790633,0.019718339104375416,0.04490506694770559,0.10942807925535912,0.19181065933992938,0.19595279134404645,0.15600825742265556,0.10750770446487609,0.0704635980418868,0.04537573752419848,0.028063826064360694,0.017224809367815782
TR90,0.006090253762081372,0.008052562020669072,0.023749954111558225,0.07518313204451034,0.16109131337489263,0.20821140693366758,0.1915806965619674,0.14223351844651622,0.09773224044053598,0.05525172752465393,0.02184465434868823,0.008978540430259025
TRA1,0.0036144336994813893,0.005462910363897652,0.015756394638103553,0.06026878637346865,0.1826509183739126,0.2691888675515801,0.20097907781226185,0.12185218739088502,0.07317264867914218,0.043654276915108044,0.01753805058821131,0.005861447613947659
TRA2,0.0014777020470058554,0.0029378836238096043,0.012064796892541467,0.05873218496748073,0.1875362867057477,0.28252995878425724,0.20746126875335266,0.1212830052391239,0.06907200232598859,0.04049828351129438,0.01388882484606395,0.002517802303333942
TRB1,0.012776984301577211,0.016679773887739384,0.04569029440248579,0.10935536858134957,0.1993045215735057,0.19464489616095956,0.1375159518774296,0.10051593537948213,0.07588056753904641,0.05489221771775254,0.035069369966443276,0.017674118612228833
TRB2,0.007877312506492633,0.010161972430848673,0.026364567008084257,0.0877247764970528,0.21346273500677498,0.2421355636756603,0.15114371864184714,0.09829173402149252,0.07188572329106721,0.05313577922594879,0.027040207213636373,0.010775910481094308
TRC1,0.03138064075495143,0.049329805141875,0.11859407419277007,0.17884172996551498,0.1676479308361223,0.10746367977161123,0.08896760371232725,0.07295637478647496,0.05761303683125198,0.05016550408825479,0.04318254520043359,0.03385707471841242
TRC2,0.027495838593273033,0.046519811734641106,0.12137616698405403,0.19680552407382781,0.18257447753580566,0.10230615660586917,0.08378566789555313,0.0709267471487171,0.054078605037574584,0.04553654911233533,0.0390214332066769,0.029573022071672127
TRC3,0.02328801435606361,0.037347627917535604,0.10138423636379915,0.1945045441934363,0.20318104531711872,0.12199958347850731,0.08735870317937297,0.06886519434904795,0.0535211853998625,0.046511197155389185,0.03683455625878146,0.025204112031085243
UKC1,0.011245843653562348,0.01696935147389842,0.044659908811466344,0.09867647826551583,0.16516057770455336,0.19209861673032735,0.17605097178477486,0.13811878505475517,0.08758501322268299,0.04163758378163888,0.01849713764323712,0.00929973187358731
UKC2,0.012227838024427435,0.01759597393505685,0.04426949755132504,0.09571845835211786,0.1618103626443492,0.19624691781009038,0.17916751339592474,0.13549846841186913,0.08626082806064889,0.04170814490704668,0.01938494533163626,0.010111051575507552
TR31,0.040645568407485566,0.05651833932889395,0.08991719129695228,0.11962032071617575,0.12953320145686412,0.13697000330384956,0.11322781639521273,0.08887454552920154,0.06989411130526302,0.06405783658229634,0.052353767192730584,0.038387298485074585
UKD1,0.011298633537638225,0.017775346052443703,0.04331859197436301,0.10013387646488085,0.16162695931401738,0.18810589429540778,0.1773584129807728,0.14303437677399747,0.08787733548023093,0.04180566705012391,0.01811133518666814,0.009553570889455815
UKD3,0.010545646868426574,0.017676837966546587,0.04401162201967263,0.09874580396682159,0.16086379446495425,0.18736173170351125,0.1731041498521601,0.14320982085890632,0.09286876569320067,0.04467658129305318,0.018342076005600123,0.008593169307146736
UKD4,0.014211821510022635,0.02222160296052649,0.049812295249697304,0.10249259418460425,0.15643826942586214,0.1796004817674554,0.16553119550626114,0.13757911612661697,0.0913745076513409,0.0471817958809507,0.021800469743957423,0.01175584999270461
UKD6,0.016042195363807306,0.024251914365825793,0.05692219720160255,0.11042009661479837,0.1574591413134498,0.1734466822558795,0.15340621331651655,0.13394612740060105,0.09046757063051405,0.047221426395263305,0.023053579333931797,0.013362855807809932
UKD7,0.01649445138042225,0.025168838926276478,0.05888302786837832,0.11137883274335698,0.158551973834352,0.17559162692398972,0.1511895485793896,0.13115507542677535,0.08877349565661301,0.046303679868338436,0.02284036199569584,0.013669086796412013
UKE1,0.013247647550056366,0.020151765861910868,0.052779266872496185,0.12329193680917634,0.19821474931287114,0.23015352410850887,0.14815848984302388,0.08631749982924555,0.05761966142428785,0.03795455106543283,0.02108984739951292,0.011021059923477194
UKE2,0.01191222710322985,0.01768706440126587,0.046957070563882,0.10404236071496305,0.17252215697571077,0.20139749278597616,0.16991395485277538,0.1253528159459117,0.0798565091927978,0.04116455898341062,0.01932662307914523,0.009867165400931563
UKE3,0.01608572188548827,0.022680458292471718,0.055117913638393606,0.11209312905635434,0.17102967366115557,0.1940768584124049,0.15027896398445073,0.11569577286598573,0.0800409609288976,0.046035743151800194,0.023141841437130536,0.013722962685466793
UKE4,0.012574735244932881,0.019210890506539603,0.05023454117898924,0.10484177200599176,0.1611070374030205,0.18099097102525868,0.16404628543122718,0.13952015324833697,0.09068493726490225,0.045504363169024134,0.021004612339709804,0.010279701182067013
UKF1,0.013652675177266373,0.020101381016739958,0.05104763874788177,0.10600561037951765,0.16414659856947014,0.18667090835115283,0.1612296698230625,0.1314232922498947,0.08741437077729496,0.04537634327981023,0.021325110224259848,0.011606401403649056
UKF2,0.015804317988795665,0.023818015892344568,0.06024256437944454,0.1234585544177331,0.18316783489490504,0.20494454704293644,0.14192043665611448,0.09904310050946129,0.06872153822801942,0.042717164515332265,0.022818462235736678,0.013343463239176548
UKF3,0.014780223905348047,0.021471422628877315,0.05465261051403428,0.12187596394000391,0.190914579283731,0.22243517087541673,0.1447934752378212,0.092382976632013,0.06182005084825785,0.04027818046176335,0.022046556077097552,0.012548789595635736
UKG1,0.01581085580335125,0.02460657059532506,0.06030459893797081,0.11564521064698352,0.17240066117348743,0.19237221527348572,0.14868610890783923,0.10988450845872035,0.078063203116404,0.045076647317190334,0.023307389180012707,0.01384203058922957
TR32,0.04287858223515335,0.05909428659209723,0.09303807224558687,0.1230252412518967,0.13521811656213095,0.13089532931863618,0.10438849566413054,0.08401133523839929,0.06867786427956517,0.0646583101301901,0.05357406866776153,0.04054029781445208
TR33,0.027645370198256504,0.040922574225447185,0.08124099658913964,0.1362261672131546,0.16817524849046037,0.15480966844632035,0.11532688514737104,0.08525702616283272,0.06523125499126768,0.054744832692181,0.04175211168961426,0.028667864153954677
UKG2,0.01672136946254251,0.025014584241859265,0.061302695653844774,0.1134878471010012,0.16274862539919885,0.18343308438912156,0.14941669585875858,0.11841190059482345,0.08380594184350239,0.047507746741749124,0.023975934346322465,0.014173574367275807
UKG3,0.015806692423995048,0.024320133854019897,0.060065847999209714,0.11923395906400747,0.1773993116298,0.1952689147603097,0.14525299854668527,0.10506638702143982,0.07592882613262228,0.04462628334235783,0.023421792995687144,0.013608852229865877
UKH1,0.014836071374199952,0.020847746257044455,0.051781515407215845,0.11886128374249758,0.18598024941206243,0.21412356676995425,0.14619183446231976,0.10102990187369701,0.06805902258665865,0.0421085343028283,0.023022462611914467,0.013157811199607324
UKH2,0.01568630731931984,0.021748959775424556,0.05417745776604578,0.12213897084183686,0.18874137107619218,0.20800373201137926,0.14559539215480033,0.09803077957685356,0.06701015473855894,0.04137183920144629,0.023037836920721044,0.014457198617421336
UKH3,0.01634226833252459,0.02348503034973612,0.05893503762343092,0.13213323366773624,0.19790836924108404,0.21091319789675583,0.13504485638732114,0.08832745210765679,0.059460090611377435,0.039508903672190045,0.02338299770700844,0.014558562403178403
UKI3,0.017231709913998066,0.024231371452291886,0.05524300795595973,0.10837181050435188,0.1572059710571718,0.17666589607286276,0.1591193010652113,0.12512304597016374,0.08770476292730657,0.047707778148930194,0.024859744718179293,0.01653560021357275
UKI4,0.01568630731931984,0.021748959775424556,0.05417745776604578,0.12213897084183686,0.18874137107619218,0.20800373201137926,0.14559539215480033,0.09803077957685356,0.06701015473855894,0.04137183920144629,0.023037836920721044,0.014457198617421336
UKI5,0.01392468391011506,0.020964660932331243,0.055715688271280636,0.13461116570361556,0.21033090161809337,0.22719669477506588,0.13542462456577775,0.0820520540496709,0.053842268598139106,0.034201705780682205,0.019583410490966218,0.012152141304262077
UKI6,0.017231709913998066,0.024231371452291886,0.05524300795595973,0.10837181050435188,0.1572059710571718,0.17666589607286276,0.1591193010652113,0.12512304597016374,0.08770476292730657,0.047707778148930194,0.024859744718179293,0.01653560021357275
UKI7,0.01568630731931984,0.021748959775424556,0.05417745776604578,0.12213897084183686,0.18874137107619218,0.20800373201137926,0.14559539215480033,0.09803077957685356,0.06701015473855894,0.04137183920144629,0.023037836920721044,0.014457198617421336
UKJ1,0.01563794602630712,0.023399790979842457,0.05802797612746658,0.11981205958869474,0.179510062966052,0.19440565962316253,0.14502696591933392,0.10575335484781159,0.0760821232454714,0.04458455321904905,0.02339079979183045,0.014368707664978162
UKJ2,0.018137222193689552,0.025560197131295648,0.05825436366540741,0.10989351022360581,0.15652345247932317,0.1729847372381057,0.1532158077702739,0.12215377333678039,0.08825376547357375,0.049980750539910766,0.02725832798338204,0.017784091964651857
UKJ3,0.017818850036837208,0.025420712550789357,0.057778777798408586,0.11174790040116496,0.16690227566700921,0.18368148726078065,0.14999893130829806,0.11289005157356663,0.08231148111048865,0.047502976112524645,0.026395700232086695,0.017550855948045372
UKJ4,0.01713837506400535,0.02513206753815769,0.059372202258225606,0.11652567718841714,0.16944282018119125,0.18771585986891082,0.14599583712093359,0.11096366437705985,0.07858142630686611,0.04648852012883643,0.026335798704184947,0.01630775126321122
UKN0,0.019356360954507382,0.029425290806215573,0.060485877525513584,0.11177721479888685,0.14668692583444842,0.1598285026378498,0.1549202922108705,0.13465342338660208,0.08957182508196612,0.049871404012949476,0.027059580995510053,0.01636330175468016
UKK1,0.015500445475485467,0.023541118186250022,0.05914865396136776,0.11921702731337824,0.18019535385589905,0.19298183294550889,0.14517581565083545,0.10497615656462969,0.0771843731803842,0.04421713178616223,0.0233818383136563,0.014480252766442719
UKK2,0.019312714541787075,0.0292002238107933,0.06502580914608773,0.11352485972833211,0.1554075265401817,0.16873557221536026,0.14735482489387264,0.11738767103617634,0.08817288047555841,0.05019074332578541,0.027728240480655694,0.017958933805409312
UKK3,0.02650548379808327,0.03657858868990735,0.06946630947240362,0.10826744763302663,0.14276842328098863,0.1535781166997301,0.13972201491314198,0.11808288878891622,0.09009460307186669,0.05660500030817811,0.03476196929165073,0.023569154052106668
UKL1,0.016056769192542668,0.024251029543869474,0.053895034081827005,0.09912054346408444,0.15012526673644983,0.17541475931742,0.1658679614011329,0.13611692319839166,0.09195968514557089,0.049017404738945405,0.024070664898291367,0.014103958281474326
UKK4,0.0211932078600148,0.03150376720127524,0.06642717196557847,0.10946880257025601,0.1470831817895011,0.16000212146477782,0.14829711558654526,0.12334600921028914,0.09167851998655505,0.05261677525702445,0.029611525019495814,0.018771802088686822
UKL2,0.014620324283950752,0.022598618501309817,0.054600192789470585,0.10264623718507201,0.15800668296198295,0.17818571283534218,0.16207168690844603,0.13417287447615586,0.09076129955416976,0.04712149979621827,0.022527647995390906,0.01268722271249088
PL33,0.0018385089478183214,0.004047330577935223,0.02510863471713297,0.08849580143263996,0.19829594792893002,0.2332253799274257,0.18393849242296806,0.1429453587396093,0.07576701161205505,0.03156118218574502,0.012445196119516081,0.002331155388224281
PL34,0.000816586009955902,0.0017081407697269126,0.02007661693148075,0.07757178636016396,0.1895926513196544,0.23877315885971973,0.2083217368518862,0.14538151312748687,0.07884019775157933,0.028229407877079973,0.009459378200934855,0.0012288259403310945
RO11,0.0016265889472454056,0.002439932531994024,0.019897260367071994,0.08507610568151157,0.18508010712141632,0.21993018946369522,0.20660248045005744,0.15802145686551242,0.08194300719278175,0.028325722608329162,0.00885101334867564,0.0022061354217090537
RO12,0.0011645741755969027,0.00240815946865229,0.019007154563219286,0.07759121344733638,0.18611858989920393,0.22685584135634773,0.20711028001760243,0.15564165058981627,0.08483054101146126,0.02847379052408953,0.009029797637782404,0.0017684073088915719
PL41,0.005037009458900522,0.008291495773529892,0.035963789215415556,0.10608482289614053,0.19659979515873244,0.21727216921829343,0.16217202987470275,0.1297127737777312,0.07981156412789409,0.03899151975580083,0.01537583818490853,0.004687192557950266
RO21,0.0018702684823995025,0.0033115764202385086,0.021804722628467877,0.08113185613173021,0.1786127259997382,0.2199676118390576,0.21733837341925716,0.15704980179332367,0.07910833601637497,0.0278506162650665,0.009703678410369485,0.0022504325939762706
NO06,0.0038928443168453103,0.003961097301887092,0.008674200519291445,0.03634222099477513,0.12263814382131827,0.22836167339738372,0.27284365330738614,0.20005111007264811,0.08811448413976183,0.02571407351592172,0.006306572219390387,0.003099926393390832
NO07,0.009806267331310771,0.008217126071723365,0.009828219278591604,0.017748552349253585,0.06878705234269891,0.23868385473374581,0.32515016179441225,0.22297734773706188,0.0644322308293494,0.015513171254204344,0.009571768364389204,0.00928424791325886
SE12,0.001139951403311164,0.002036019985865336,0.01999394725073588,0.07351147841514498,0.1648061841246952,0.2363631882246252,0.2154797723990938,0.15762644424009087,0.08845765691893097,0.030812290899522452,0.008500703137435296,0.0012723630005488454
PL42,0.003503019263611556,0.006049278755070142,0.028500620118983515,0.08917462960310175,0.17766292031309316,0.2277962034990039,0.18129600932848247,0.14366055178804255,0.08726768737269891,0.03800083982979647,0.013203661512888949,0.0038845786152266106
PL43,0.006154127932852449,0.011217896985042377,0.04103557205407869,0.10283067950879678,0.16594653205588086,0.19498546402356942,0.17199028034162006,0.14527832032256308,0.09235345550273376,0.04436388985056739,0.017600572906967364,0.006243208515327779
RO22,0.002294434869684249,0.004989639043932886,0.024935935392867693,0.08952621652147219,0.1881712292209682,0.22774169045423237,0.22109940974092862,0.1373188302359809,0.0667982214498945,0.024657489096065938,0.009634945484579872,0.00283195848939259
PL51,0.0036624803688759216,0.006421938133060918,0.028588203770612348,0.095546334341825,0.19295431699039078,0.22542945634919478,0.17534738806351996,0.13669255962543533,0.0819846214475323,0.035760104678028995,0.013774826915945778,0.0038377693155779062
PL52,0.0029638195414699656,0.005896478894615963,0.030275396333135477,0.09745776502348101,0.1915261265248836,0.23068558148408247,0.17297177806997915,0.13457471874538018,0.07930336170252411,0.035798875347261123,0.014967594991991552,0.0035785033411953717
RO31,0.0023476995927707396,0.004715489110909664,0.028784098066272093,0.09947105518644705,0.19204950420784322,0.22751796561255325,0.2086092287183427,0.13608166317168133,0.06337284351989077,0.024489941836675706,0.009656252363925834,0.0029042586126876275
RO32,0.0009866961113445625,0.004306347051272241,0.025476722075435252,0.09522532906967146,0.18810908530669704,0.23903633475088687,0.23277944068043882,0.13886278356022674,0.04893891777592382,0.017689713813530437,0.007245254331178881,0.0013433754733938597
PL11,0.0028788444001389326,0.005246686720543469,0.027722839943279665,0.09750124991161249,0.20637796879705553,0.23453481963420472,0.16700729661923022,0.1328313553157827,0.07550444801035897,0.034120149034567365,0.013302686877814048,0.0029716547354118874
PL61,0.004304907905503807,0.007566432504648544,0.032560431929357196,0.098130969228657,0.19318066458311367,0.23108403590359686,0.16586256156826654,0.13010980338556832,0.07881834852079593,0.03933969985408009,0.014988454248027019,0.004053690368385012
PL62,0.001011681380681378,0.0021205097142906575,0.018004902655607093,0.0759091812149011,0.1943450377782828,0.24203353423376228,0.19703640468515302,0.14609443731571325,0.08161462385461696,0.030387807864219466,0.009949401340800903,0.0014924779619710955
RO41,0.0017403777771697526,0.0033798165577126793,0.022824454194572328,0.09508840012629231,0.19311553333588616,0.22404166434162717,0.1985206600078234,0.1498284525132695,0.07423816081289704,0.026067041625499773,0.009023673509262352,0.002131765197987511
RO42,0.0029216545945013363,0.004064670476965941,0.02347097204521938,0.09563447021713553,0.19055900221972874,0.21919091980315927,0.1980835855328278,0.14953200123062882,0.07697744808656957,0.026686321833021,0.009607690398431262,0.0032712635618113452
PL12,0.0017529261041307168,0.003989185396719516,0.025681802207907434,0.0909043449831404,0.19325654401241052,0.23028616046925252,0.1863987650152562,0.1417640957952566,0.07888733785634831,0.032550353941614964,0.012303683999720622,0.002224800218242206
PL63,0.0031683689660051374,0.005159630925496954,0.026172020854187374,0.08453189789291031,0.18159284107498996,0.23297284051658793,0.18550773202306792,0.14193710495294395,0.08467727867501072,0.03735719127538365,0.013242763104146581,0.003680329739269511
PT11,0.03294380040306744,0.04603519549094133,0.07074602804705875,0.1090720033358982,0.15220866908850192,0.1552317819405564,0.12864910217052075,0.09626581356702409,0.07607973073446944,0.060871296241878196,0.041466593257129473,0.030429985722954016
PT15,0.05994396043115644,0.07918077356248704,0.10963366166998834,0.1454837330881878,0.14942122755770149,0.11488698707636105,0.0797213538195106,0.055399807998359606,0.043326958923002735,0.04948731609960164,0.056683703347309634,0.05683051642633364
PL21,0.0011016092395491226,0.002177546645875561,0.018629059503927157,0.08408061781034819,0.1996698268734468,0.23431549597988996,0.19390090694199963,0.14795953674566517,0.07700447552283544,0.0296482304119548,0.010163107334744414,0.0013495869897637292
PL22,0.00203094385025036,0.0038652597664244545,0.02317538779532997,0.08237175144349836,0.1841386985031692,0.2271087306795324,0.189491518844006,0.15128097116278363,0.08475431628500474,0.0353597019444619,0.013823402575619599,0.002599317149919421
PT16,0.04311200243443188,0.05694595727277179,0.08018441393548571,0.11195691664847045,0.1441026308373874,0.13747436701795285,0.10992327376844886,0.0845178971518583,0.0733438460851856,0.06600052833919955,0.05196829272557191,0.0404698737832357
PT17,0.05291861950557096,0.0689569662903959,0.09842903186684568,0.1268385353369117,0.14569952799125135,0.12807693777789492,0.10316552430950383,0.07144987903828261,0.049261470130478636,0.05086694159095637,0.05580962864350295,0.048526937518405096
SE11,0.0013031651834025158,0.0017104869795904253,0.016534219218620055,0.06748242684802878,0.16200078582377433,0.2281179476803271,0.21523174247675436,0.166355185188881,0.09467830322494084,0.03405076387051075,0.010288488994056159,0.002246484511113685
UKM2,0.009440459292455307,0.013940022956067425,0.03543592943855505,0.08654414955869309,0.16539480563076137,0.21526654757331568,0.19503516066816404,0.138433059318913,0.08048194696850906,0.03636424335184885,0.015921925636798277,0.007741749605918835
UKM3,0.012996405655179497,0.019333003738616576,0.04193889821732989,0.09054321776241382,0.15342008309737196,0.19178320211405414,0.18242196523477802,0.14676558759401567,0.08832978297772354,0.041987789358990606,0.019862370874257938,0.010617693375268347
UKM5,0.011043060579200344,0.015630386786754945,0.04012497221035544,0.09179490097842735,0.16999510576306542,0.21112896252956512,0.18384888865273638,0.1303410471664371,0.08026517066192548,0.03893536053454257,0.01791965616328936,0.008972487973700455
UKM6,0.009833843586624693,0.014332175637038001,0.03133114526928693,0.07003496290533516,0.13885941327743415,0.2097970045387692,0.2195800325848432,0.16401172498684283,0.08326619845801896,0.034749897357428186,0.01569438874379295,0.008509212654585738
RS00,0.0042896950961251465,0.0068286889678643575,0.02890511515853928,0.09968557328024372,0.18947083499946646,0.21780338692605763,0.19220549988364036,0.13985124034947277,0.07258974513796748,0.031217579985295604,0.0126480365729088,0.004504603642418399
AL00,0.021358808942525172,0.03000543732657521,0.05647269270373281,0.1071227311474803,0.1718075077873801,0.1816457870507411,0.14861818073202113,0.11084595982162894,0.07437058349522697,0.047707874495095434,0.03013224691309504,0.019912189584497617
BA00,0.005035478641815875,0.007138283522777283,0.024054307369778438,0.08098106086431085,0.18008713664169398,0.22244013534644916,0.19403282867328328,0.14331506568634106,0.08462210879036634,0.038989973852761435,0.014075603109024165,0.005228017501398271
XK00,0.0050864643098937155,0.008475294528272993,0.03019262619495834,0.09842190403034375,0.19535724376000954,0.2185369909491786,0.18465953903336157,0.13299341795664382,0.07351656973296206,0.03349937928147238,0.013995161779874834,0.005265408443028403
